session_id,gap,query_number,recommender,accuracy,precision,recall,f1_score,overlap
11047,2,0,multidimensional_interestingness,0.0,0.0,0.0,0.0,0.0
11047,2,0,random,1.0,1.0,1.0,1.0,1.0
11047,2,0,clustering,1.0,1.0,1.0,1.0,1.0
11047,2,0,frequency,1.0,1.0,1.0,1.0,1.0
11047,2,0,similarity,0.0,0.0,0.0,0.0,0.0
11047,2,0,sampling,1.0,1.0,1.0,1.0,1.0
11047,2,1,multidimensional_interestingness,0.0,0.0,0.0,0.0,0.0
11047,2,1,random,1.0,1.0,1.0,1.0,1.0
11047,2,1,clustering,1.0,1.0,1.0,1.0,1.0
11047,2,1,frequency,1.0,1.0,1.0,1.0,1.0
11047,2,1,similarity,0.0,0.0,0.0,0.0,0.0
11047,2,1,sampling,1.0,1.0,1.0,1.0,1.0
11047,2,2,multidimensional_interestingness,0.0,0.0,0.0,0.0,0.0
11047,2,2,random,1.0,1.0,1.0,1.0,1.0
11047,2,2,clustering,1.0,1.0,1.0,1.0,1.0
11047,2,2,frequency,1.0,1.0,1.0,1.0,1.0
11047,2,2,similarity,0.0,0.0,0.0,0.0,0.0
11047,2,2,sampling,1.0,1.0,1.0,1.0,1.0
11047,2,3,multidimensional_interestingness,0.0,0.0,0.0,0.0,0.0
11047,2,3,random,1.0,1.0,1.0,1.0,1.0
11047,2,3,clustering,1.0,1.0,1.0,1.0,1.0
11047,2,3,frequency,1.0,1.0,1.0,1.0,1.0
11047,2,3,similarity,0.0,0.0,0.0,0.0,0.0
11047,2,3,sampling,1.0,1.0,1.0,1.0,1.0
11047,2,4,multidimensional_interestingness,0.0,0.0,0.0,0.0,0.0
11047,2,4,random,0.0,0.0,0.0,0.0,0.0
11047,2,4,clustering,0.0,0.0,0.0,0.0,0.0
11047,2,4,frequency,0.0,0.0,0.0,0.0,0.0
11047,2,4,similarity,0.0,0.0,0.0,0.0,0.0
11047,2,4,sampling,0.0,0.0,0.0,0.0,0.0
11047,2,5,multidimensional_interestingness,0.0,0.0,0.0,0.0,0.0
11047,2,5,random,0.0,0.0,0.0,0.0,0.0
11047,2,5,clustering,0.0,0.0,0.0,0.0,0.0
11047,2,5,frequency,0.0,0.0,0.0,0.0,0.0
11047,2,5,similarity,0.0,0.0,0.0,0.0,0.0
11047,2,5,sampling,0.0,0.0,0.0,0.0,0.0
11047,2,6,multidimensional_interestingness,0.0,0.0,0.0,0.0,0.0
11047,2,6,random,0.0,0.0,0.0,0.0,0.0
11047,2,6,clustering,0.0,0.0,0.0,0.0,0.0
11047,2,6,frequency,0.0,0.0,0.0,0.0,0.0
11047,2,6,similarity,0.0,0.0,0.0,0.0,0.0
11047,2,6,sampling,0.0,0.0,0.0,0.0,0.0
11047,2,7,multidimensional_interestingness,0.0,0.0,0.0,0.0,0.0
11047,2,7,random,0.0,0.0,0.0,0.0,0.0
11047,2,7,clustering,0.0,0.0,0.0,0.0,0.0
11047,2,7,frequency,0.0,0.0,0.0,0.0,0.0
11047,2,7,similarity,0.0,0.0,0.0,0.0,0.0
11047,2,7,sampling,0.0,0.0,0.0,0.0,0.0
11047,2,8,multidimensional_interestingness,0.0,0.0,0.0,0.0,0.0
11047,2,8,random,1.0,1.0,1.0,1.0,1.0
11047,2,8,clustering,1.0,1.0,1.0,1.0,1.0
11047,2,8,frequency,1.0,1.0,1.0,1.0,1.0
11047,2,8,similarity,0.0,0.0,0.0,0.0,0.0
11047,2,8,sampling,1.0,1.0,1.0,1.0,1.0
11047,2,9,multidimensional_interestingness,0.0,0.0,0.0,0.0,0.0
11047,2,9,random,0.0,0.0,0.0,0.0,0.0
11047,2,9,clustering,0.0,0.0,0.0,0.0,0.0
11047,2,9,frequency,0.0,0.0,0.0,0.0,0.0
11047,2,9,similarity,0.0,0.0,0.0,0.0,0.0
11047,2,9,sampling,0.0,0.0,0.0,0.0,0.0
11047,2,10,multidimensional_interestingness,0.0,0.0,0.0,0.0,0.0
11047,2,10,random,0.0,0.0,0.0,0.0,0.0
11047,2,10,clustering,0.0,0.0,0.0,0.0,0.0
11047,2,10,frequency,0.0,0.0,0.0,0.0,0.0
11047,2,10,similarity,0.0,0.0,0.0,0.0,0.0
11047,2,10,sampling,0.0,0.0,0.0,0.0,0.0
11047,2,11,multidimensional_interestingness,0.0,0.0,0.0,0.0,0.0
11047,2,11,random,0.0,0.0,0.0,0.0,0.0
11047,2,11,clustering,0.0,0.0,0.0,0.0,0.0
11047,2,11,frequency,0.0,0.0,0.0,0.0,0.0
11047,2,11,similarity,0.0,0.0,0.0,0.0,0.0
11047,2,11,sampling,0.0,0.0,0.0,0.0,0.0
11047,2,12,multidimensional_interestingness,0.0,0.0,0.0,0.0,0.0
11047,2,12,random,0.0,0.0,0.0,0.0,0.0
11047,2,12,clustering,0.0,0.0,0.0,0.0,0.0
11047,2,12,frequency,0.0,0.0,0.0,0.0,0.0
11047,2,12,similarity,0.0,0.0,0.0,0.0,0.0
11047,2,12,sampling,0.0,0.0,0.0,0.0,0.0
11047,2,13,multidimensional_interestingness,0.0,0.0,0.0,0.0,0.0
11047,2,13,random,0.0,0.0,0.0,0.0,0.0
11047,2,13,clustering,0.0,0.0,0.0,0.0,0.0
11047,2,13,frequency,0.0,0.0,0.0,0.0,0.0
11047,2,13,similarity,0.0,0.0,0.0,0.0,0.0
11047,2,13,sampling,0.0,0.0,0.0,0.0,0.0
11047,2,14,multidimensional_interestingness,0.0,0.0,0.0,0.0,0.0
11047,2,14,random,0.0,0.0,0.0,0.0,0.0
11047,2,14,clustering,0.0,0.0,0.0,0.0,0.0
11047,2,14,frequency,0.0,0.0,0.0,0.0,0.0
11047,2,14,similarity,0.0,0.0,0.0,0.0,0.0
11047,2,14,sampling,0.0,0.0,0.0,0.0,0.0
11047,2,15,multidimensional_interestingness,0.0,0.0,0.0,0.0,0.0
11047,2,15,random,0.0,0.0,0.0,0.0,0.0
11047,2,15,clustering,0.0,0.0,0.0,0.0,0.0
11047,2,15,frequency,0.0,0.0,0.0,0.0,0.0
11047,2,15,similarity,0.0,0.0,0.0,0.0,0.0
11047,2,15,sampling,0.0,0.0,0.0,0.0,0.0
11047,2,16,multidimensional_interestingness,0.0,0.0,0.0,0.0,0.0
11047,2,16,random,0.0,0.0,0.0,0.0,0.0
11047,2,16,clustering,0.0,0.0,0.0,0.0,0.0
11047,2,16,frequency,0.0,0.0,0.0,0.0,0.0
11047,2,16,similarity,0.0,0.0,0.0,0.0,0.0
11047,2,16,sampling,0.0,0.0,0.0,0.0,0.0
11047,2,17,multidimensional_interestingness,0.0,0.0,0.0,0.0,0.0
11047,2,17,random,0.0,0.0,0.0,0.0,0.0
11047,2,17,clustering,0.0,0.0,0.0,0.0,0.0
11047,2,17,frequency,0.0,0.0,0.0,0.0,0.0
11047,2,17,similarity,0.0,0.0,0.0,0.0,0.0
11047,2,17,sampling,0.0,0.0,0.0,0.0,0.0
11047,2,18,multidimensional_interestingness,0.0,0.0,0.0,0.0,0.0
11047,2,18,random,0.0,0.0,0.0,0.0,0.0
11047,2,18,clustering,0.0,0.0,0.0,0.0,0.0
11047,2,18,frequency,0.0,0.0,0.0,0.0,0.0
11047,2,18,similarity,0.0,0.0,0.0,0.0,0.0
11047,2,18,sampling,0.0,0.0,0.0,0.0,0.0
11047,2,19,multidimensional_interestingness,0.0,0.0,0.0,0.0,0.0
11047,2,19,random,0.0,0.0,0.0,0.0,0.0
11047,2,19,clustering,0.0,0.0,0.0,0.0,0.0
11047,2,19,frequency,0.0,0.0,0.0,0.0,0.0
11047,2,19,similarity,0.0,0.0,0.0,0.0,0.0
11047,2,19,sampling,0.0,0.0,0.0,0.0,0.0
11047,2,20,multidimensional_interestingness,0.0,0.0,0.0,0.0,0.0
11047,2,20,random,0.0,0.0,0.0,0.0,0.0
11047,2,20,clustering,0.0,0.0,0.0,0.0,0.0
11047,2,20,frequency,0.0,0.0,0.0,0.0,0.0
11047,2,20,similarity,0.0,0.0,0.0,0.0,0.0
11047,2,20,sampling,0.0,0.0,0.0,0.0,0.0
11047,2,21,multidimensional_interestingness,0.0,0.0,0.0,0.0,0.0
11047,2,21,random,0.0,0.0,0.0,0.0,0.0
11047,2,21,clustering,0.0,0.0,0.0,0.0,0.0
11047,2,21,frequency,0.0,0.0,0.0,0.0,0.0
11047,2,21,similarity,0.0,0.0,0.0,0.0,0.0
11047,2,21,sampling,0.0,0.0,0.0,0.0,0.0
11047,2,22,multidimensional_interestingness,0.0,0.0,0.0,0.0,0.0
11047,2,22,random,0.0,0.0,0.0,0.0,0.0
11047,2,22,clustering,0.0,0.0,0.0,0.0,0.0
11047,2,22,frequency,0.0,0.0,0.0,0.0,0.0
11047,2,22,similarity,0.0,0.0,0.0,0.0,0.0
11047,2,22,sampling,0.0,0.0,0.0,0.0,0.0
11047,2,23,multidimensional_interestingness,0.0,0.0,0.0,0.0,0.0
11047,2,23,random,0.0,0.0,0.0,0.0,0.0
11047,2,23,clustering,0.0,0.0,0.0,0.0,0.0
11047,2,23,frequency,0.0,0.0,0.0,0.0,0.0
11047,2,23,similarity,0.0,0.0,0.0,0.0,0.0
11047,2,23,sampling,0.0,0.0,0.0,0.0,0.0
11047,2,24,multidimensional_interestingness,0.0,0.0,0.0,0.0,0.0
11047,2,24,random,0.0,0.0,0.0,0.0,0.0
11047,2,24,clustering,0.0,0.0,0.0,0.0,0.0
11047,2,24,frequency,0.0,0.0,0.0,0.0,0.0
11047,2,24,similarity,0.0,0.0,0.0,0.0,0.0
11047,2,24,sampling,0.0,0.0,0.0,0.0,0.0
11047,2,25,multidimensional_interestingness,0.0,0.0,0.0,0.0,0.0
11047,2,25,random,0.0,0.0,0.0,0.0,0.0
11047,2,25,clustering,0.0,0.0,0.0,0.0,0.0
11047,2,25,frequency,0.0,0.0,0.0,0.0,0.0
11047,2,25,similarity,0.0,0.0,0.0,0.0,0.0
11047,2,25,sampling,0.0,0.0,0.0,0.0,0.0
11047,2,26,multidimensional_interestingness,0.0,0.0,0.0,0.0,0.0
11047,2,26,random,0.0,0.0,0.0,0.0,0.0
11047,2,26,clustering,0.0,0.0,0.0,0.0,0.0
11047,2,26,frequency,0.0,0.0,0.0,0.0,0.0
11047,2,26,similarity,0.0,0.0,0.0,0.0,0.0
11047,2,26,sampling,0.0,0.0,0.0,0.0,0.0
11047,2,27,multidimensional_interestingness,0.0,0.0,0.0,0.0,0.0
11047,2,27,random,0.0,0.0,0.0,0.0,0.0
11047,2,27,clustering,0.0,0.0,0.0,0.0,0.0
11047,2,27,frequency,0.0,0.0,0.0,0.0,0.0
11047,2,27,similarity,0.0,0.0,0.0,0.0,0.0
11047,2,27,sampling,0.0,0.0,0.0,0.0,0.0
11047,2,28,multidimensional_interestingness,0.0,0.0,0.0,0.0,0.0
11047,2,28,random,0.0,0.0,0.0,0.0,0.0
11047,2,28,clustering,0.0,0.0,0.0,0.0,0.0
11047,2,28,frequency,0.0,0.0,0.0,0.0,0.0
11047,2,28,similarity,0.0,0.0,0.0,0.0,0.0
11047,2,28,sampling,0.0,0.0,0.0,0.0,0.0
11047,2,29,multidimensional_interestingness,0.0,0.0,0.0,0.0,0.0
11047,2,29,random,0.0,0.0,0.0,0.0,0.0
11047,2,29,clustering,0.0,0.0,0.0,0.0,0.0
11047,2,29,frequency,0.0,0.0,0.0,0.0,0.0
11047,2,29,similarity,0.0,0.0,0.0,0.0,0.0
11047,2,29,sampling,0.0,0.0,0.0,0.0,0.0
11047,2,30,multidimensional_interestingness,0.0,0.0,0.0,0.0,0.0
11047,2,30,random,0.0,0.0,0.0,0.0,0.0
11047,2,30,clustering,0.0,0.0,0.0,0.0,0.0
11047,2,30,frequency,0.0,0.0,0.0,0.0,0.0
11047,2,30,similarity,0.0,0.0,0.0,0.0,0.0
11047,2,30,sampling,0.0,0.0,0.0,0.0,0.0
11047,2,31,multidimensional_interestingness,0.0,0.0,0.0,0.0,0.0
11047,2,31,random,0.0,0.0,0.0,0.0,0.0
11047,2,31,clustering,0.0,0.0,0.0,0.0,0.0
11047,2,31,frequency,0.0,0.0,0.0,0.0,0.0
11047,2,31,similarity,0.0,0.0,0.0,0.0,0.0
11047,2,31,sampling,0.0,0.0,0.0,0.0,0.0
11047,2,32,multidimensional_interestingness,0.0,0.0,0.0,0.0,0.0
11047,2,32,random,0.0,0.0,0.0,0.0,0.0
11047,2,32,clustering,0.0,0.0,0.0,0.0,0.0
11047,2,32,frequency,0.0,0.0,0.0,0.0,0.0
11047,2,32,similarity,0.0,0.0,0.0,0.0,0.0
11047,2,32,sampling,0.0,0.0,0.0,0.0,0.0
11047,2,33,multidimensional_interestingness,0.0,0.0,0.0,0.0,0.0
11047,2,33,random,0.0,0.0,0.0,0.0,0.0
11047,2,33,clustering,0.0,0.0,0.0,0.0,0.0
11047,2,33,frequency,0.0,0.0,0.0,0.0,0.0
11047,2,33,similarity,0.0,0.0,0.0,0.0,0.0
11047,2,33,sampling,0.0,0.0,0.0,0.0,0.0
11047,2,34,multidimensional_interestingness,0.0,0.0,0.0,0.0,0.0
11047,2,34,random,0.0,0.0,0.0,0.0,0.0
11047,2,34,clustering,0.0,0.0,0.0,0.0,0.0
11047,2,34,frequency,0.0,0.0,0.0,0.0,0.0
11047,2,34,similarity,0.0,0.0,0.0,0.0,0.0
11047,2,34,sampling,0.0,0.0,0.0,0.0,0.0
11047,2,35,multidimensional_interestingness,0.0,0.0,0.0,0.0,0.0
11047,2,35,random,0.0,0.0,0.0,0.0,0.0
11047,2,35,clustering,0.0,0.0,0.0,0.0,0.0
11047,2,35,frequency,0.0,0.0,0.0,0.0,0.0
11047,2,35,similarity,0.0,0.0,0.0,0.0,0.0
11047,2,35,sampling,0.0,0.0,0.0,0.0,0.0
11047,2,36,multidimensional_interestingness,0.0,0.0,0.0,0.0,0.0
11047,2,36,random,0.0,0.0,0.0,0.0,0.0
11047,2,36,clustering,0.0,0.0,0.0,0.0,0.0
11047,2,36,frequency,0.0,0.0,0.0,0.0,0.0
11047,2,36,similarity,0.0,0.0,0.0,0.0,0.0
11047,2,36,sampling,0.0,0.0,0.0,0.0,0.0
11047,2,37,multidimensional_interestingness,0.0,0.0,0.0,0.0,0.0
11047,2,37,random,0.0,0.0,0.0,0.0,0.0
11047,2,37,clustering,0.0,0.0,0.0,0.0,0.0
11047,2,37,frequency,0.0,0.0,0.0,0.0,0.0
11047,2,37,similarity,0.0,0.0,0.0,0.0,0.0
11047,2,37,sampling,0.0,0.0,0.0,0.0,0.0
11047,2,38,multidimensional_interestingness,0.0,0.0,0.0,0.0,0.0
11047,2,38,random,0.0,0.0,0.0,0.0,0.0
11047,2,38,clustering,0.0,0.0,0.0,0.0,0.0
11047,2,38,frequency,0.0,0.0,0.0,0.0,0.0
11047,2,38,similarity,0.0,0.0,0.0,0.0,0.0
11047,2,38,sampling,0.0,0.0,0.0,0.0,0.0
11047,2,39,multidimensional_interestingness,0.0,0.0,0.0,0.0,0.0
11047,2,39,random,0.0,0.0,0.0,0.0,0.0
11047,2,39,clustering,0.0,0.0,0.0,0.0,0.0
11047,2,39,frequency,0.0,0.0,0.0,0.0,0.0
11047,2,39,similarity,0.0,0.0,0.0,0.0,0.0
11047,2,39,sampling,0.0,0.0,0.0,0.0,0.0
11047,2,40,multidimensional_interestingness,0.0,0.0,0.0,0.0,0.0
11047,2,40,random,0.0,0.0,0.0,0.0,0.0
11047,2,40,clustering,0.0,0.0,0.0,0.0,0.0
11047,2,40,frequency,0.0,0.0,0.0,0.0,0.0
11047,2,40,similarity,0.0,0.0,0.0,0.0,0.0
11047,2,40,sampling,0.0,0.0,0.0,0.0,0.0
11047,2,41,multidimensional_interestingness,0.0,0.0,0.0,0.0,0.0
11047,2,41,random,0.0,0.0,0.0,0.0,0.0
11047,2,41,clustering,0.0,0.0,0.0,0.0,0.0
11047,2,41,frequency,0.0,0.0,0.0,0.0,0.0
11047,2,41,similarity,0.0,0.0,0.0,0.0,0.0
11047,2,41,sampling,0.0,0.0,0.0,0.0,0.0
11047,2,42,multidimensional_interestingness,0.0,0.0,0.0,0.0,0.0
11047,2,42,random,0.0,0.0,0.0,0.0,0.0
11047,2,42,clustering,0.0,0.0,0.0,0.0,0.0
11047,2,42,frequency,0.0,0.0,0.0,0.0,0.0
11047,2,42,similarity,0.0,0.0,0.0,0.0,0.0
11047,2,42,sampling,0.0,0.0,0.0,0.0,0.0
11047,2,43,multidimensional_interestingness,0.0,0.0,0.0,0.0,0.0
11047,2,43,random,0.0,0.0,0.0,0.0,0.0
11047,2,43,clustering,0.0,0.0,0.0,0.0,0.0
11047,2,43,frequency,0.0,0.0,0.0,0.0,0.0
11047,2,43,similarity,0.0,0.0,0.0,0.0,0.0
11047,2,43,sampling,0.0,0.0,0.0,0.0,0.0
11047,2,44,multidimensional_interestingness,0.0,0.0,0.0,0.0,0.0
11047,2,44,random,0.0,0.0,0.0,0.0,0.0
11047,2,44,clustering,0.0,0.0,0.0,0.0,0.0
11047,2,44,frequency,0.0,0.0,0.0,0.0,0.0
11047,2,44,similarity,0.0,0.0,0.0,0.0,0.0
11047,2,44,sampling,0.0,0.0,0.0,0.0,0.0
11047,2,45,multidimensional_interestingness,0.0,0.0,0.0,0.0,0.0
11047,2,45,random,0.0,0.0,0.0,0.0,0.0
11047,2,45,clustering,0.0,0.0,0.0,0.0,0.0
11047,2,45,frequency,0.0,0.0,0.0,0.0,0.0
11047,2,45,similarity,0.0,0.0,0.0,0.0,0.0
11047,2,45,sampling,0.0,0.0,0.0,0.0,0.0
11047,2,46,multidimensional_interestingness,0.0,0.0,0.0,0.0,0.0
11047,2,46,random,0.0,0.0,0.0,0.0,0.0
11047,2,46,clustering,0.0,0.0,0.0,0.0,0.0
11047,2,46,frequency,0.0,0.0,0.0,0.0,0.0
11047,2,46,similarity,0.0,0.0,0.0,0.0,0.0
11047,2,46,sampling,0.0,0.0,0.0,0.0,0.0
11047,3,0,multidimensional_interestingness,0.0,0.0,0.0,0.0,0.0
11047,3,0,random,1.0,1.0,1.0,1.0,1.0
11047,3,0,clustering,1.0,1.0,1.0,1.0,1.0
11047,3,0,frequency,1.0,1.0,1.0,1.0,1.0
11047,3,0,similarity,0.0,0.0,0.0,0.0,0.0
11047,3,0,sampling,1.0,1.0,1.0,1.0,1.0
11047,3,1,multidimensional_interestingness,0.0,0.0,0.0,0.0,0.0
11047,3,1,random,1.0,1.0,1.0,1.0,1.0
11047,3,1,clustering,1.0,1.0,1.0,1.0,1.0
11047,3,1,frequency,1.0,1.0,1.0,1.0,1.0
11047,3,1,similarity,0.0,0.0,0.0,0.0,0.0
11047,3,1,sampling,1.0,1.0,1.0,1.0,1.0
11047,3,2,multidimensional_interestingness,0.0,0.0,0.0,0.0,0.0
11047,3,2,random,1.0,1.0,1.0,1.0,1.0
11047,3,2,clustering,1.0,1.0,1.0,1.0,1.0
11047,3,2,frequency,1.0,1.0,1.0,1.0,1.0
11047,3,2,similarity,0.0,0.0,0.0,0.0,0.0
11047,3,2,sampling,1.0,1.0,1.0,1.0,1.0
11047,3,3,multidimensional_interestingness,0.0,0.0,0.0,0.0,0.0
11047,3,3,random,0.0,0.0,0.0,0.0,0.0
11047,3,3,clustering,0.0,0.0,0.0,0.0,0.0
11047,3,3,frequency,0.0,0.0,0.0,0.0,0.0
11047,3,3,similarity,0.0,0.0,0.0,0.0,0.0
11047,3,3,sampling,0.0,0.0,0.0,0.0,0.0
11047,3,4,multidimensional_interestingness,0.0,0.0,0.0,0.0,0.0
11047,3,4,random,0.0,0.0,0.0,0.0,0.0
11047,3,4,clustering,0.0,0.0,0.0,0.0,0.0
11047,3,4,frequency,0.0,0.0,0.0,0.0,0.0
11047,3,4,similarity,0.0,0.0,0.0,0.0,0.0
11047,3,4,sampling,0.0,0.0,0.0,0.0,0.0
11047,3,5,multidimensional_interestingness,0.0,0.0,0.0,0.0,0.0
11047,3,5,random,1.0,1.0,1.0,1.0,1.0
11047,3,5,clustering,1.0,1.0,1.0,1.0,1.0
11047,3,5,frequency,1.0,1.0,1.0,1.0,1.0
11047,3,5,similarity,0.0,0.0,0.0,0.0,0.0
11047,3,5,sampling,1.0,1.0,1.0,1.0,1.0
11047,3,6,multidimensional_interestingness,0.0,0.0,0.0,0.0,0.0
11047,3,6,random,0.0,0.0,0.0,0.0,0.0
11047,3,6,clustering,0.0,0.0,0.0,0.0,0.0
11047,3,6,frequency,0.0,0.0,0.0,0.0,0.0
11047,3,6,similarity,0.0,0.0,0.0,0.0,0.0
11047,3,6,sampling,0.0,0.0,0.0,0.0,0.0
11047,3,7,multidimensional_interestingness,0.0,0.0,0.0,0.0,0.0
11047,3,7,random,0.0,0.0,0.0,0.0,0.0
11047,3,7,clustering,0.0,0.0,0.0,0.0,0.0
11047,3,7,frequency,0.0,0.0,0.0,0.0,0.0
11047,3,7,similarity,0.0,0.0,0.0,0.0,0.0
11047,3,7,sampling,0.0,0.0,0.0,0.0,0.0
11047,3,8,multidimensional_interestingness,0.0,0.0,0.0,0.0,0.0
11047,3,8,random,0.0,0.0,0.0,0.0,0.0
11047,3,8,clustering,0.0,0.0,0.0,0.0,0.0
11047,3,8,frequency,0.0,0.0,0.0,0.0,0.0
11047,3,8,similarity,0.0,0.0,0.0,0.0,0.0
11047,3,8,sampling,0.0,0.0,0.0,0.0,0.0
11047,3,9,multidimensional_interestingness,0.0,0.0,0.0,0.0,0.0
11047,3,9,random,0.0,0.0,0.0,0.0,0.0
11047,3,9,clustering,0.0,0.0,0.0,0.0,0.0
11047,3,9,frequency,0.0,0.0,0.0,0.0,0.0
11047,3,9,similarity,0.0,0.0,0.0,0.0,0.0
11047,3,9,sampling,0.0,0.0,0.0,0.0,0.0
11047,3,10,multidimensional_interestingness,0.0,0.0,0.0,0.0,0.0
11047,3,10,random,1.0,1.0,1.0,1.0,1.0
11047,3,10,clustering,1.0,1.0,1.0,1.0,1.0
11047,3,10,frequency,1.0,1.0,1.0,1.0,1.0
11047,3,10,similarity,0.0,0.0,0.0,0.0,0.0
11047,3,10,sampling,1.0,1.0,1.0,1.0,1.0
11047,3,11,multidimensional_interestingness,0.0,0.0,0.0,0.0,0.0
11047,3,11,random,0.0,0.0,0.0,0.0,0.0
11047,3,11,clustering,0.0,0.0,0.0,0.0,0.0
11047,3,11,frequency,0.0,0.0,0.0,0.0,0.0
11047,3,11,similarity,0.0,0.0,0.0,0.0,0.0
11047,3,11,sampling,0.0,0.0,0.0,0.0,0.0
11047,3,12,multidimensional_interestingness,0.0,0.0,0.0,0.0,0.0
11047,3,12,random,0.0,0.0,0.0,0.0,0.0
11047,3,12,clustering,0.0,0.0,0.0,0.0,0.0
11047,3,12,frequency,0.0,0.0,0.0,0.0,0.0
11047,3,12,similarity,0.0,0.0,0.0,0.0,0.0
11047,3,12,sampling,0.0,0.0,0.0,0.0,0.0
11047,3,13,multidimensional_interestingness,0.0,0.0,0.0,0.0,0.0
11047,3,13,random,0.0,0.0,0.0,0.0,0.0
11047,3,13,clustering,0.0,0.0,0.0,0.0,0.0
11047,3,13,frequency,0.0,0.0,0.0,0.0,0.0
11047,3,13,similarity,0.0,0.0,0.0,0.0,0.0
11047,3,13,sampling,0.0,0.0,0.0,0.0,0.0
11047,3,14,multidimensional_interestingness,0.0,0.0,0.0,0.0,0.0
11047,3,14,random,0.0,0.0,0.0,0.0,0.0
11047,3,14,clustering,0.0,0.0,0.0,0.0,0.0
11047,3,14,frequency,0.0,0.0,0.0,0.0,0.0
11047,3,14,similarity,0.0,0.0,0.0,0.0,0.0
11047,3,14,sampling,0.0,0.0,0.0,0.0,0.0
11047,3,15,multidimensional_interestingness,0.0,0.0,0.0,0.0,0.0
11047,3,15,random,0.0,0.0,0.0,0.0,0.0
11047,3,15,clustering,0.0,0.0,0.0,0.0,0.0
11047,3,15,frequency,0.0,0.0,0.0,0.0,0.0
11047,3,15,similarity,0.0,0.0,0.0,0.0,0.0
11047,3,15,sampling,0.0,0.0,0.0,0.0,0.0
11047,3,16,multidimensional_interestingness,0.0,0.0,0.0,0.0,0.0
11047,3,16,random,0.0,0.0,0.0,0.0,0.0
11047,3,16,clustering,0.0,0.0,0.0,0.0,0.0
11047,3,16,frequency,0.0,0.0,0.0,0.0,0.0
11047,3,16,similarity,0.0,0.0,0.0,0.0,0.0
11047,3,16,sampling,0.0,0.0,0.0,0.0,0.0
11047,3,17,multidimensional_interestingness,0.0,0.0,0.0,0.0,0.0
11047,3,17,random,0.0,0.0,0.0,0.0,0.0
11047,3,17,clustering,0.0,0.0,0.0,0.0,0.0
11047,3,17,frequency,0.0,0.0,0.0,0.0,0.0
11047,3,17,similarity,0.0,0.0,0.0,0.0,0.0
11047,3,17,sampling,0.0,0.0,0.0,0.0,0.0
11047,3,18,multidimensional_interestingness,0.0,0.0,0.0,0.0,0.0
11047,3,18,random,0.0,0.0,0.0,0.0,0.0
11047,3,18,clustering,0.0,0.0,0.0,0.0,0.0
11047,3,18,frequency,0.0,0.0,0.0,0.0,0.0
11047,3,18,similarity,0.0,0.0,0.0,0.0,0.0
11047,3,18,sampling,0.0,0.0,0.0,0.0,0.0
11047,3,19,multidimensional_interestingness,0.0,0.0,0.0,0.0,0.0
11047,3,19,random,0.0,0.0,0.0,0.0,0.0
11047,3,19,clustering,0.0,0.0,0.0,0.0,0.0
11047,3,19,frequency,0.0,0.0,0.0,0.0,0.0
11047,3,19,similarity,0.0,0.0,0.0,0.0,0.0
11047,3,19,sampling,0.0,0.0,0.0,0.0,0.0
11047,3,20,multidimensional_interestingness,0.0,0.0,0.0,0.0,0.0
11047,3,20,random,0.0,0.0,0.0,0.0,0.0
11047,3,20,clustering,0.0,0.0,0.0,0.0,0.0
11047,3,20,frequency,0.0,0.0,0.0,0.0,0.0
11047,3,20,similarity,0.0,0.0,0.0,0.0,0.0
11047,3,20,sampling,0.0,0.0,0.0,0.0,0.0
11047,3,21,multidimensional_interestingness,0.0,0.0,0.0,0.0,0.0
11047,3,21,random,0.0,0.0,0.0,0.0,0.0
11047,3,21,clustering,0.0,0.0,0.0,0.0,0.0
11047,3,21,frequency,0.0,0.0,0.0,0.0,0.0
11047,3,21,similarity,0.0,0.0,0.0,0.0,0.0
11047,3,21,sampling,0.0,0.0,0.0,0.0,0.0
11047,3,22,multidimensional_interestingness,0.0,0.0,0.0,0.0,0.0
11047,3,22,random,0.0,0.0,0.0,0.0,0.0
11047,3,22,clustering,0.0,0.0,0.0,0.0,0.0
11047,3,22,frequency,0.0,0.0,0.0,0.0,0.0
11047,3,22,similarity,0.0,0.0,0.0,0.0,0.0
11047,3,22,sampling,0.0,0.0,0.0,0.0,0.0
11047,3,23,multidimensional_interestingness,0.0,0.0,0.0,0.0,0.0
11047,3,23,random,0.0,0.0,0.0,0.0,0.0
11047,3,23,clustering,0.0,0.0,0.0,0.0,0.0
11047,3,23,frequency,0.0,0.0,0.0,0.0,0.0
11047,3,23,similarity,0.0,0.0,0.0,0.0,0.0
11047,3,23,sampling,0.0,0.0,0.0,0.0,0.0
11047,3,24,multidimensional_interestingness,0.0,0.0,0.0,0.0,0.0
11047,3,24,random,0.0,0.0,0.0,0.0,0.0
11047,3,24,clustering,0.0,0.0,0.0,0.0,0.0
11047,3,24,frequency,0.0,0.0,0.0,0.0,0.0
11047,3,24,similarity,0.0,0.0,0.0,0.0,0.0
11047,3,24,sampling,0.0,0.0,0.0,0.0,0.0
11047,3,25,multidimensional_interestingness,0.0,0.0,0.0,0.0,0.0
11047,3,25,random,0.0,0.0,0.0,0.0,0.0
11047,3,25,clustering,0.0,0.0,0.0,0.0,0.0
11047,3,25,frequency,0.0,0.0,0.0,0.0,0.0
11047,3,25,similarity,0.0,0.0,0.0,0.0,0.0
11047,3,25,sampling,0.0,0.0,0.0,0.0,0.0
11047,3,26,multidimensional_interestingness,0.0,0.0,0.0,0.0,0.0
11047,3,26,random,0.0,0.0,0.0,0.0,0.0
11047,3,26,clustering,0.0,0.0,0.0,0.0,0.0
11047,3,26,frequency,0.0,0.0,0.0,0.0,0.0
11047,3,26,similarity,0.0,0.0,0.0,0.0,0.0
11047,3,26,sampling,0.0,0.0,0.0,0.0,0.0
11047,3,27,multidimensional_interestingness,0.0,0.0,0.0,0.0,0.0
11047,3,27,random,0.0,0.0,0.0,0.0,0.0
11047,3,27,clustering,0.0,0.0,0.0,0.0,0.0
11047,3,27,frequency,0.0,0.0,0.0,0.0,0.0
11047,3,27,similarity,0.0,0.0,0.0,0.0,0.0
11047,3,27,sampling,0.0,0.0,0.0,0.0,0.0
11047,3,28,multidimensional_interestingness,0.0,0.0,0.0,0.0,0.0
11047,3,28,random,0.0,0.0,0.0,0.0,0.0
11047,3,28,clustering,0.0,0.0,0.0,0.0,0.0
11047,3,28,frequency,0.0,0.0,0.0,0.0,0.0
11047,3,28,similarity,0.0,0.0,0.0,0.0,0.0
11047,3,28,sampling,0.0,0.0,0.0,0.0,0.0
11047,3,29,multidimensional_interestingness,0.0,0.0,0.0,0.0,0.0
11047,3,29,random,0.0,0.0,0.0,0.0,0.0
11047,3,29,clustering,0.0,0.0,0.0,0.0,0.0
11047,3,29,frequency,0.0,0.0,0.0,0.0,0.0
11047,3,29,similarity,0.0,0.0,0.0,0.0,0.0
11047,3,29,sampling,0.0,0.0,0.0,0.0,0.0
11047,3,30,multidimensional_interestingness,0.0,0.0,0.0,0.0,0.0
11047,3,30,random,0.0,0.0,0.0,0.0,0.0
11047,3,30,clustering,0.0,0.0,0.0,0.0,0.0
11047,3,30,frequency,0.0,0.0,0.0,0.0,0.0
11047,3,30,similarity,0.0,0.0,0.0,0.0,0.0
11047,3,30,sampling,0.0,0.0,0.0,0.0,0.0
11047,3,31,multidimensional_interestingness,0.0,0.0,0.0,0.0,0.0
11047,3,31,random,0.0,0.0,0.0,0.0,0.0
11047,3,31,clustering,0.0,0.0,0.0,0.0,0.0
11047,3,31,frequency,0.0,0.0,0.0,0.0,0.0
11047,3,31,similarity,0.0,0.0,0.0,0.0,0.0
11047,3,31,sampling,0.0,0.0,0.0,0.0,0.0
11047,3,32,multidimensional_interestingness,0.0,0.0,0.0,0.0,0.0
11047,3,32,random,0.0,0.0,0.0,0.0,0.0
11047,3,32,clustering,0.0,0.0,0.0,0.0,0.0
11047,3,32,frequency,0.0,0.0,0.0,0.0,0.0
11047,3,32,similarity,0.0,0.0,0.0,0.0,0.0
11047,3,32,sampling,0.0,0.0,0.0,0.0,0.0
11047,3,33,multidimensional_interestingness,0.0,0.0,0.0,0.0,0.0
11047,3,33,random,0.0,0.0,0.0,0.0,0.0
11047,3,33,clustering,0.0,0.0,0.0,0.0,0.0
11047,3,33,frequency,0.0,0.0,0.0,0.0,0.0
11047,3,33,similarity,0.0,0.0,0.0,0.0,0.0
11047,3,33,sampling,0.0,0.0,0.0,0.0,0.0
11047,3,34,multidimensional_interestingness,0.0,0.0,0.0,0.0,0.0
11047,3,34,random,0.0,0.0,0.0,0.0,0.0
11047,3,34,clustering,0.0,0.0,0.0,0.0,0.0
11047,3,34,frequency,0.0,0.0,0.0,0.0,0.0
11047,3,34,similarity,0.0,0.0,0.0,0.0,0.0
11047,3,34,sampling,0.0,0.0,0.0,0.0,0.0
11047,3,35,multidimensional_interestingness,0.0,0.0,0.0,0.0,0.0
11047,3,35,random,0.0,0.0,0.0,0.0,0.0
11047,3,35,clustering,0.0,0.0,0.0,0.0,0.0
11047,3,35,frequency,0.0,0.0,0.0,0.0,0.0
11047,3,35,similarity,0.0,0.0,0.0,0.0,0.0
11047,3,35,sampling,0.0,0.0,0.0,0.0,0.0
11047,3,36,multidimensional_interestingness,0.0,0.0,0.0,0.0,0.0
11047,3,36,random,0.0,0.0,0.0,0.0,0.0
11047,3,36,clustering,0.0,0.0,0.0,0.0,0.0
11047,3,36,frequency,0.0,0.0,0.0,0.0,0.0
11047,3,36,similarity,0.0,0.0,0.0,0.0,0.0
11047,3,36,sampling,0.0,0.0,0.0,0.0,0.0
11047,3,37,multidimensional_interestingness,0.0,0.0,0.0,0.0,0.0
11047,3,37,random,0.0,0.0,0.0,0.0,0.0
11047,3,37,clustering,0.0,0.0,0.0,0.0,0.0
11047,3,37,frequency,0.0,0.0,0.0,0.0,0.0
11047,3,37,similarity,0.0,0.0,0.0,0.0,0.0
11047,3,37,sampling,0.0,0.0,0.0,0.0,0.0
11047,3,38,multidimensional_interestingness,0.0,0.0,0.0,0.0,0.0
11047,3,38,random,0.0,0.0,0.0,0.0,0.0
11047,3,38,clustering,0.0,0.0,0.0,0.0,0.0
11047,3,38,frequency,0.0,0.0,0.0,0.0,0.0
11047,3,38,similarity,0.0,0.0,0.0,0.0,0.0
11047,3,38,sampling,0.0,0.0,0.0,0.0,0.0
11047,3,39,multidimensional_interestingness,0.0,0.0,0.0,0.0,0.0
11047,3,39,random,0.0,0.0,0.0,0.0,0.0
11047,3,39,clustering,0.0,0.0,0.0,0.0,0.0
11047,3,39,frequency,0.0,0.0,0.0,0.0,0.0
11047,3,39,similarity,0.0,0.0,0.0,0.0,0.0
11047,3,39,sampling,0.0,0.0,0.0,0.0,0.0
11047,3,40,multidimensional_interestingness,0.0,0.0,0.0,0.0,0.0
11047,3,40,random,0.0,0.0,0.0,0.0,0.0
11047,3,40,clustering,0.0,0.0,0.0,0.0,0.0
11047,3,40,frequency,0.0,0.0,0.0,0.0,0.0
11047,3,40,similarity,0.0,0.0,0.0,0.0,0.0
11047,3,40,sampling,0.0,0.0,0.0,0.0,0.0
11047,3,41,multidimensional_interestingness,0.0,0.0,0.0,0.0,0.0
11047,3,41,random,0.0,0.0,0.0,0.0,0.0
11047,3,41,clustering,0.0,0.0,0.0,0.0,0.0
11047,3,41,frequency,0.0,0.0,0.0,0.0,0.0
11047,3,41,similarity,0.0,0.0,0.0,0.0,0.0
11047,3,41,sampling,0.0,0.0,0.0,0.0,0.0
11047,3,42,multidimensional_interestingness,0.0,0.0,0.0,0.0,0.0
11047,3,42,random,0.0,0.0,0.0,0.0,0.0
11047,3,42,clustering,0.0,0.0,0.0,0.0,0.0
11047,3,42,frequency,0.0,0.0,0.0,0.0,0.0
11047,3,42,similarity,0.0,0.0,0.0,0.0,0.0
11047,3,42,sampling,0.0,0.0,0.0,0.0,0.0
11047,3,43,multidimensional_interestingness,0.0,0.0,0.0,0.0,0.0
11047,3,43,random,0.0,0.0,0.0,0.0,0.0
11047,3,43,clustering,0.0,0.0,0.0,0.0,0.0
11047,3,43,frequency,0.0,0.0,0.0,0.0,0.0
11047,3,43,similarity,0.0,0.0,0.0,0.0,0.0
11047,3,43,sampling,0.0,0.0,0.0,0.0,0.0
11047,3,44,multidimensional_interestingness,0.0,0.0,0.0,0.0,0.0
11047,3,44,random,0.0,0.0,0.0,0.0,0.0
11047,3,44,clustering,0.0,0.0,0.0,0.0,0.0
11047,3,44,frequency,0.0,0.0,0.0,0.0,0.0
11047,3,44,similarity,0.0,0.0,0.0,0.0,0.0
11047,3,44,sampling,0.0,0.0,0.0,0.0,0.0
11047,3,45,multidimensional_interestingness,0.0,0.0,0.0,0.0,0.0
11047,3,45,random,0.0,0.0,0.0,0.0,0.0
11047,3,45,clustering,0.0,0.0,0.0,0.0,0.0
11047,3,45,frequency,0.0,0.0,0.0,0.0,0.0
11047,3,45,similarity,0.0,0.0,0.0,0.0,0.0
11047,3,45,sampling,0.0,0.0,0.0,0.0,0.0
11047,5,0,multidimensional_interestingness,0.0,0.0,0.0,0.0,0.0
11047,5,0,random,1.0,1.0,1.0,1.0,1.0
11047,5,0,clustering,1.0,1.0,1.0,1.0,1.0
11047,5,0,frequency,1.0,1.0,1.0,1.0,1.0
11047,5,0,similarity,0.0,0.0,0.0,0.0,0.0
11047,5,0,sampling,1.0,1.0,1.0,1.0,1.0
11047,5,1,multidimensional_interestingness,0.0,0.0,0.0,0.0,0.0
11047,5,1,random,0.0,0.0,0.0,0.0,0.0
11047,5,1,clustering,0.0,0.0,0.0,0.0,0.0
11047,5,1,frequency,0.0,0.0,0.0,0.0,0.0
11047,5,1,similarity,0.0,0.0,0.0,0.0,0.0
11047,5,1,sampling,0.0,0.0,0.0,0.0,0.0
11047,5,2,multidimensional_interestingness,0.0,0.0,0.0,0.0,0.0
11047,5,2,random,0.0,0.0,0.0,0.0,0.0
11047,5,2,clustering,0.0,0.0,0.0,0.0,0.0
11047,5,2,frequency,0.0,0.0,0.0,0.0,0.0
11047,5,2,similarity,0.0,0.0,0.0,0.0,0.0
11047,5,2,sampling,0.0,0.0,0.0,0.0,0.0
11047,5,3,multidimensional_interestingness,0.0,0.0,0.0,0.0,0.0
11047,5,3,random,1.0,1.0,1.0,1.0,1.0
11047,5,3,clustering,1.0,1.0,1.0,1.0,1.0
11047,5,3,frequency,1.0,1.0,1.0,1.0,1.0
11047,5,3,similarity,0.0,0.0,0.0,0.0,0.0
11047,5,3,sampling,1.0,1.0,1.0,1.0,1.0
11047,5,4,multidimensional_interestingness,0.0,0.0,0.0,0.0,0.0
11047,5,4,random,0.0,0.0,0.0,0.0,0.0
11047,5,4,clustering,0.0,0.0,0.0,0.0,0.0
11047,5,4,frequency,0.0,0.0,0.0,0.0,0.0
11047,5,4,similarity,0.0,0.0,0.0,0.0,0.0
11047,5,4,sampling,0.0,0.0,0.0,0.0,0.0
11047,5,5,multidimensional_interestingness,0.0,0.0,0.0,0.0,0.0
11047,5,5,random,1.0,1.0,1.0,1.0,1.0
11047,5,5,clustering,1.0,1.0,1.0,1.0,1.0
11047,5,5,frequency,1.0,1.0,1.0,1.0,1.0
11047,5,5,similarity,0.0,0.0,0.0,0.0,0.0
11047,5,5,sampling,1.0,1.0,1.0,1.0,1.0
11047,5,6,multidimensional_interestingness,0.0,0.0,0.0,0.0,0.0
11047,5,6,random,0.0,0.0,0.0,0.0,0.0
11047,5,6,clustering,0.0,0.0,0.0,0.0,0.0
11047,5,6,frequency,0.0,0.0,0.0,0.0,0.0
11047,5,6,similarity,0.0,0.0,0.0,0.0,0.0
11047,5,6,sampling,0.0,0.0,0.0,0.0,0.0
11047,5,7,multidimensional_interestingness,0.0,0.0,0.0,0.0,0.0
11047,5,7,random,0.0,0.0,0.0,0.0,0.0
11047,5,7,clustering,0.0,0.0,0.0,0.0,0.0
11047,5,7,frequency,0.0,0.0,0.0,0.0,0.0
11047,5,7,similarity,0.0,0.0,0.0,0.0,0.0
11047,5,7,sampling,0.0,0.0,0.0,0.0,0.0
11047,5,8,multidimensional_interestingness,0.0,0.0,0.0,0.0,0.0
11047,5,8,random,1.0,1.0,1.0,1.0,1.0
11047,5,8,clustering,1.0,1.0,1.0,1.0,1.0
11047,5,8,frequency,1.0,1.0,1.0,1.0,1.0
11047,5,8,similarity,0.0,0.0,0.0,0.0,0.0
11047,5,8,sampling,1.0,1.0,1.0,1.0,1.0
11047,5,9,multidimensional_interestingness,0.0,0.0,0.0,0.0,0.0
11047,5,9,random,0.0,0.0,0.0,0.0,0.0
11047,5,9,clustering,0.0,0.0,0.0,0.0,0.0
11047,5,9,frequency,0.0,0.0,0.0,0.0,0.0
11047,5,9,similarity,0.0,0.0,0.0,0.0,0.0
11047,5,9,sampling,0.0,0.0,0.0,0.0,0.0
11047,5,10,multidimensional_interestingness,0.0,0.0,0.0,0.0,0.0
11047,5,10,random,0.0,0.0,0.0,0.0,0.0
11047,5,10,clustering,0.0,0.0,0.0,0.0,0.0
11047,5,10,frequency,0.0,0.0,0.0,0.0,0.0
11047,5,10,similarity,0.0,0.0,0.0,0.0,0.0
11047,5,10,sampling,0.0,0.0,0.0,0.0,0.0
11047,5,11,multidimensional_interestingness,0.0,0.0,0.0,0.0,0.0
11047,5,11,random,1.0,1.0,1.0,1.0,1.0
11047,5,11,clustering,1.0,1.0,1.0,1.0,1.0
11047,5,11,frequency,1.0,1.0,1.0,1.0,1.0
11047,5,11,similarity,0.0,0.0,0.0,0.0,0.0
11047,5,11,sampling,1.0,1.0,1.0,1.0,1.0
11047,5,12,multidimensional_interestingness,0.0,0.0,0.0,0.0,0.0
11047,5,12,random,0.0,0.0,0.0,0.0,0.0
11047,5,12,clustering,0.0,0.0,0.0,0.0,0.0
11047,5,12,frequency,0.0,0.0,0.0,0.0,0.0
11047,5,12,similarity,0.0,0.0,0.0,0.0,0.0
11047,5,12,sampling,0.0,0.0,0.0,0.0,0.0
11047,5,13,multidimensional_interestingness,0.0,0.0,0.0,0.0,0.0
11047,5,13,random,0.0,0.0,0.0,0.0,0.0
11047,5,13,clustering,0.0,0.0,0.0,0.0,0.0
11047,5,13,frequency,0.0,0.0,0.0,0.0,0.0
11047,5,13,similarity,0.0,0.0,0.0,0.0,0.0
11047,5,13,sampling,0.0,0.0,0.0,0.0,0.0
11047,5,14,multidimensional_interestingness,0.0,0.0,0.0,0.0,0.0
11047,5,14,random,0.0,0.0,0.0,0.0,0.0
11047,5,14,clustering,0.0,0.0,0.0,0.0,0.0
11047,5,14,frequency,0.0,0.0,0.0,0.0,0.0
11047,5,14,similarity,0.0,0.0,0.0,0.0,0.0
11047,5,14,sampling,0.0,0.0,0.0,0.0,0.0
11047,5,15,multidimensional_interestingness,0.0,0.0,0.0,0.0,0.0
11047,5,15,random,0.0,0.0,0.0,0.0,0.0
11047,5,15,clustering,0.0,0.0,0.0,0.0,0.0
11047,5,15,frequency,0.0,0.0,0.0,0.0,0.0
11047,5,15,similarity,0.0,0.0,0.0,0.0,0.0
11047,5,15,sampling,0.0,0.0,0.0,0.0,0.0
11047,5,16,multidimensional_interestingness,0.0,0.0,0.0,0.0,0.0
11047,5,16,random,0.0,0.0,0.0,0.0,0.0
11047,5,16,clustering,0.0,0.0,0.0,0.0,0.0
11047,5,16,frequency,0.0,0.0,0.0,0.0,0.0
11047,5,16,similarity,0.0,0.0,0.0,0.0,0.0
11047,5,16,sampling,0.0,0.0,0.0,0.0,0.0
11047,5,17,multidimensional_interestingness,0.0,0.0,0.0,0.0,0.0
11047,5,17,random,0.0,0.0,0.0,0.0,0.0
11047,5,17,clustering,0.0,0.0,0.0,0.0,0.0
11047,5,17,frequency,0.0,0.0,0.0,0.0,0.0
11047,5,17,similarity,0.0,0.0,0.0,0.0,0.0
11047,5,17,sampling,0.0,0.0,0.0,0.0,0.0
11047,5,18,multidimensional_interestingness,0.0,0.0,0.0,0.0,0.0
11047,5,18,random,0.0,0.0,0.0,0.0,0.0
11047,5,18,clustering,0.0,0.0,0.0,0.0,0.0
11047,5,18,frequency,0.0,0.0,0.0,0.0,0.0
11047,5,18,similarity,0.0,0.0,0.0,0.0,0.0
11047,5,18,sampling,0.0,0.0,0.0,0.0,0.0
11047,5,19,multidimensional_interestingness,0.0,0.0,0.0,0.0,0.0
11047,5,19,random,0.0,0.0,0.0,0.0,0.0
11047,5,19,clustering,0.0,0.0,0.0,0.0,0.0
11047,5,19,frequency,0.0,0.0,0.0,0.0,0.0
11047,5,19,similarity,0.0,0.0,0.0,0.0,0.0
11047,5,19,sampling,0.0,0.0,0.0,0.0,0.0
11047,5,20,multidimensional_interestingness,0.0,0.0,0.0,0.0,0.0
11047,5,20,random,0.0,0.0,0.0,0.0,0.0
11047,5,20,clustering,0.0,0.0,0.0,0.0,0.0
11047,5,20,frequency,0.0,0.0,0.0,0.0,0.0
11047,5,20,similarity,0.0,0.0,0.0,0.0,0.0
11047,5,20,sampling,0.0,0.0,0.0,0.0,0.0
11047,5,21,multidimensional_interestingness,0.0,0.0,0.0,0.0,0.0
11047,5,21,random,0.0,0.0,0.0,0.0,0.0
11047,5,21,clustering,0.0,0.0,0.0,0.0,0.0
11047,5,21,frequency,0.0,0.0,0.0,0.0,0.0
11047,5,21,similarity,0.0,0.0,0.0,0.0,0.0
11047,5,21,sampling,0.0,0.0,0.0,0.0,0.0
11047,5,22,multidimensional_interestingness,0.0,0.0,0.0,0.0,0.0
11047,5,22,random,0.0,0.0,0.0,0.0,0.0
11047,5,22,clustering,0.0,0.0,0.0,0.0,0.0
11047,5,22,frequency,0.0,0.0,0.0,0.0,0.0
11047,5,22,similarity,0.0,0.0,0.0,0.0,0.0
11047,5,22,sampling,0.0,0.0,0.0,0.0,0.0
11047,5,23,multidimensional_interestingness,0.0,0.0,0.0,0.0,0.0
11047,5,23,random,0.0,0.0,0.0,0.0,0.0
11047,5,23,clustering,0.0,0.0,0.0,0.0,0.0
11047,5,23,frequency,0.0,0.0,0.0,0.0,0.0
11047,5,23,similarity,0.0,0.0,0.0,0.0,0.0
11047,5,23,sampling,0.0,0.0,0.0,0.0,0.0
11047,5,24,multidimensional_interestingness,0.0,0.0,0.0,0.0,0.0
11047,5,24,random,0.0,0.0,0.0,0.0,0.0
11047,5,24,clustering,0.0,0.0,0.0,0.0,0.0
11047,5,24,frequency,0.0,0.0,0.0,0.0,0.0
11047,5,24,similarity,0.0,0.0,0.0,0.0,0.0
11047,5,24,sampling,0.0,0.0,0.0,0.0,0.0
11047,5,25,multidimensional_interestingness,0.0,0.0,0.0,0.0,0.0
11047,5,25,random,0.0,0.0,0.0,0.0,0.0
11047,5,25,clustering,0.0,0.0,0.0,0.0,0.0
11047,5,25,frequency,0.0,0.0,0.0,0.0,0.0
11047,5,25,similarity,0.0,0.0,0.0,0.0,0.0
11047,5,25,sampling,0.0,0.0,0.0,0.0,0.0
11047,5,26,multidimensional_interestingness,0.0,0.0,0.0,0.0,0.0
11047,5,26,random,0.0,0.0,0.0,0.0,0.0
11047,5,26,clustering,0.0,0.0,0.0,0.0,0.0
11047,5,26,frequency,0.0,0.0,0.0,0.0,0.0
11047,5,26,similarity,0.0,0.0,0.0,0.0,0.0
11047,5,26,sampling,0.0,0.0,0.0,0.0,0.0
11047,5,27,multidimensional_interestingness,0.0,0.0,0.0,0.0,0.0
11047,5,27,random,0.0,0.0,0.0,0.0,0.0
11047,5,27,clustering,0.0,0.0,0.0,0.0,0.0
11047,5,27,frequency,0.0,0.0,0.0,0.0,0.0
11047,5,27,similarity,0.0,0.0,0.0,0.0,0.0
11047,5,27,sampling,0.0,0.0,0.0,0.0,0.0
11047,5,28,multidimensional_interestingness,0.0,0.0,0.0,0.0,0.0
11047,5,28,random,0.0,0.0,0.0,0.0,0.0
11047,5,28,clustering,0.0,0.0,0.0,0.0,0.0
11047,5,28,frequency,0.0,0.0,0.0,0.0,0.0
11047,5,28,similarity,0.0,0.0,0.0,0.0,0.0
11047,5,28,sampling,0.0,0.0,0.0,0.0,0.0
11047,5,29,multidimensional_interestingness,0.0,0.0,0.0,0.0,0.0
11047,5,29,random,0.0,0.0,0.0,0.0,0.0
11047,5,29,clustering,0.0,0.0,0.0,0.0,0.0
11047,5,29,frequency,0.0,0.0,0.0,0.0,0.0
11047,5,29,similarity,0.0,0.0,0.0,0.0,0.0
11047,5,29,sampling,0.0,0.0,0.0,0.0,0.0
11047,5,30,multidimensional_interestingness,0.0,0.0,0.0,0.0,0.0
11047,5,30,random,0.0,0.0,0.0,0.0,0.0
11047,5,30,clustering,0.0,0.0,0.0,0.0,0.0
11047,5,30,frequency,0.0,0.0,0.0,0.0,0.0
11047,5,30,similarity,0.0,0.0,0.0,0.0,0.0
11047,5,30,sampling,0.0,0.0,0.0,0.0,0.0
11047,5,31,multidimensional_interestingness,0.0,0.0,0.0,0.0,0.0
11047,5,31,random,0.0,0.0,0.0,0.0,0.0
11047,5,31,clustering,0.0,0.0,0.0,0.0,0.0
11047,5,31,frequency,0.0,0.0,0.0,0.0,0.0
11047,5,31,similarity,0.0,0.0,0.0,0.0,0.0
11047,5,31,sampling,0.0,0.0,0.0,0.0,0.0
11047,5,32,multidimensional_interestingness,0.0,0.0,0.0,0.0,0.0
11047,5,32,random,0.0,0.0,0.0,0.0,0.0
11047,5,32,clustering,0.0,0.0,0.0,0.0,0.0
11047,5,32,frequency,0.0,0.0,0.0,0.0,0.0
11047,5,32,similarity,0.0,0.0,0.0,0.0,0.0
11047,5,32,sampling,0.0,0.0,0.0,0.0,0.0
11047,5,33,multidimensional_interestingness,0.0,0.0,0.0,0.0,0.0
11047,5,33,random,0.0,0.0,0.0,0.0,0.0
11047,5,33,clustering,0.0,0.0,0.0,0.0,0.0
11047,5,33,frequency,0.0,0.0,0.0,0.0,0.0
11047,5,33,similarity,0.0,0.0,0.0,0.0,0.0
11047,5,33,sampling,0.0,0.0,0.0,0.0,0.0
11047,5,34,multidimensional_interestingness,0.0,0.0,0.0,0.0,0.0
11047,5,34,random,0.0,0.0,0.0,0.0,0.0
11047,5,34,clustering,0.0,0.0,0.0,0.0,0.0
11047,5,34,frequency,0.0,0.0,0.0,0.0,0.0
11047,5,34,similarity,0.0,0.0,0.0,0.0,0.0
11047,5,34,sampling,0.0,0.0,0.0,0.0,0.0
11047,5,35,multidimensional_interestingness,0.0,0.0,0.0,0.0,0.0
11047,5,35,random,0.0,0.0,0.0,0.0,0.0
11047,5,35,clustering,0.0,0.0,0.0,0.0,0.0
11047,5,35,frequency,0.0,0.0,0.0,0.0,0.0
11047,5,35,similarity,0.0,0.0,0.0,0.0,0.0
11047,5,35,sampling,0.0,0.0,0.0,0.0,0.0
11047,5,36,multidimensional_interestingness,0.0,0.0,0.0,0.0,0.0
11047,5,36,random,0.0,0.0,0.0,0.0,0.0
11047,5,36,clustering,0.0,0.0,0.0,0.0,0.0
11047,5,36,frequency,0.0,0.0,0.0,0.0,0.0
11047,5,36,similarity,0.0,0.0,0.0,0.0,0.0
11047,5,36,sampling,0.0,0.0,0.0,0.0,0.0
11047,5,37,multidimensional_interestingness,0.0,0.0,0.0,0.0,0.0
11047,5,37,random,0.0,0.0,0.0,0.0,0.0
11047,5,37,clustering,0.0,0.0,0.0,0.0,0.0
11047,5,37,frequency,0.0,0.0,0.0,0.0,0.0
11047,5,37,similarity,0.0,0.0,0.0,0.0,0.0
11047,5,37,sampling,0.0,0.0,0.0,0.0,0.0
11047,5,38,multidimensional_interestingness,0.0,0.0,0.0,0.0,0.0
11047,5,38,random,0.0,0.0,0.0,0.0,0.0
11047,5,38,clustering,0.0,0.0,0.0,0.0,0.0
11047,5,38,frequency,0.0,0.0,0.0,0.0,0.0
11047,5,38,similarity,0.0,0.0,0.0,0.0,0.0
11047,5,38,sampling,0.0,0.0,0.0,0.0,0.0
11047,5,39,multidimensional_interestingness,0.0,0.0,0.0,0.0,0.0
11047,5,39,random,0.0,0.0,0.0,0.0,0.0
11047,5,39,clustering,0.0,0.0,0.0,0.0,0.0
11047,5,39,frequency,0.0,0.0,0.0,0.0,0.0
11047,5,39,similarity,0.0,0.0,0.0,0.0,0.0
11047,5,39,sampling,0.0,0.0,0.0,0.0,0.0
11047,5,40,multidimensional_interestingness,0.0,0.0,0.0,0.0,0.0
11047,5,40,random,0.0,0.0,0.0,0.0,0.0
11047,5,40,clustering,0.0,0.0,0.0,0.0,0.0
11047,5,40,frequency,0.0,0.0,0.0,0.0,0.0
11047,5,40,similarity,0.0,0.0,0.0,0.0,0.0
11047,5,40,sampling,0.0,0.0,0.0,0.0,0.0
11047,5,41,multidimensional_interestingness,0.0,0.0,0.0,0.0,0.0
11047,5,41,random,0.0,0.0,0.0,0.0,0.0
11047,5,41,clustering,0.0,0.0,0.0,0.0,0.0
11047,5,41,frequency,0.0,0.0,0.0,0.0,0.0
11047,5,41,similarity,0.0,0.0,0.0,0.0,0.0
11047,5,41,sampling,0.0,0.0,0.0,0.0,0.0
11047,5,42,multidimensional_interestingness,0.0,0.0,0.0,0.0,0.0
11047,5,42,random,0.0,0.0,0.0,0.0,0.0
11047,5,42,clustering,0.0,0.0,0.0,0.0,0.0
11047,5,42,frequency,0.0,0.0,0.0,0.0,0.0
11047,5,42,similarity,0.0,0.0,0.0,0.0,0.0
11047,5,42,sampling,0.0,0.0,0.0,0.0,0.0
11047,5,43,multidimensional_interestingness,0.0,0.0,0.0,0.0,0.0
11047,5,43,random,0.0,0.0,0.0,0.0,0.0
11047,5,43,clustering,0.0,0.0,0.0,0.0,0.0
11047,5,43,frequency,0.0,0.0,0.0,0.0,0.0
11047,5,43,similarity,0.0,0.0,0.0,0.0,0.0
11047,5,43,sampling,0.0,0.0,0.0,0.0,0.0
11047,10,0,multidimensional_interestingness,0.0,0.0,0.0,0.0,0.0
11047,10,0,random,1.0,1.0,1.0,1.0,1.0
11047,10,0,clustering,1.0,1.0,1.0,1.0,1.0
11047,10,0,frequency,1.0,1.0,1.0,1.0,1.0
11047,10,0,similarity,0.0,0.0,0.0,0.0,0.0
11047,10,0,sampling,1.0,1.0,1.0,1.0,1.0
11047,10,1,multidimensional_interestingness,0.0,0.0,0.0,0.0,0.0
11047,10,1,random,0.0,0.0,0.0,0.0,0.0
11047,10,1,clustering,0.0,0.0,0.0,0.0,0.0
11047,10,1,frequency,0.0,0.0,0.0,0.0,0.0
11047,10,1,similarity,0.0,0.0,0.0,0.0,0.0
11047,10,1,sampling,0.0,0.0,0.0,0.0,0.0
11047,10,2,multidimensional_interestingness,0.0,0.0,0.0,0.0,0.0
11047,10,2,random,0.0,0.0,0.0,0.0,0.0
11047,10,2,clustering,0.0,0.0,0.0,0.0,0.0
11047,10,2,frequency,0.0,0.0,0.0,0.0,0.0
11047,10,2,similarity,0.0,0.0,0.0,0.0,0.0
11047,10,2,sampling,0.0,0.0,0.0,0.0,0.0
11047,10,3,multidimensional_interestingness,0.0,0.0,0.0,0.0,0.0
11047,10,3,random,1.0,1.0,1.0,1.0,1.0
11047,10,3,clustering,1.0,1.0,1.0,1.0,1.0
11047,10,3,frequency,1.0,1.0,1.0,1.0,1.0
11047,10,3,similarity,0.0,0.0,0.0,0.0,0.0
11047,10,3,sampling,1.0,1.0,1.0,1.0,1.0
11047,10,4,multidimensional_interestingness,0.0,0.0,0.0,0.0,0.0
11047,10,4,random,0.0,0.0,0.0,0.0,0.0
11047,10,4,clustering,0.0,0.0,0.0,0.0,0.0
11047,10,4,frequency,0.0,0.0,0.0,0.0,0.0
11047,10,4,similarity,0.0,0.0,0.0,0.0,0.0
11047,10,4,sampling,0.0,0.0,0.0,0.0,0.0
11047,10,5,multidimensional_interestingness,0.0,0.0,0.0,0.0,0.0
11047,10,5,random,0.0,0.0,0.0,0.0,0.0
11047,10,5,clustering,0.0,0.0,0.0,0.0,0.0
11047,10,5,frequency,0.0,0.0,0.0,0.0,0.0
11047,10,5,similarity,0.0,0.0,0.0,0.0,0.0
11047,10,5,sampling,0.0,0.0,0.0,0.0,0.0
11047,10,6,multidimensional_interestingness,0.0,0.0,0.0,0.0,0.0
11047,10,6,random,0.0,0.0,0.0,0.0,0.0
11047,10,6,clustering,0.0,0.0,0.0,0.0,0.0
11047,10,6,frequency,0.0,0.0,0.0,0.0,0.0
11047,10,6,similarity,0.0,0.0,0.0,0.0,0.0
11047,10,6,sampling,0.0,0.0,0.0,0.0,0.0
11047,10,7,multidimensional_interestingness,0.0,0.0,0.0,0.0,0.0
11047,10,7,random,0.0,0.0,0.0,0.0,0.0
11047,10,7,clustering,0.0,0.0,0.0,0.0,0.0
11047,10,7,frequency,0.0,0.0,0.0,0.0,0.0
11047,10,7,similarity,0.0,0.0,0.0,0.0,0.0
11047,10,7,sampling,0.0,0.0,0.0,0.0,0.0
11047,10,8,multidimensional_interestingness,0.0,0.0,0.0,0.0,0.0
11047,10,8,random,0.0,0.0,0.0,0.0,0.0
11047,10,8,clustering,0.0,0.0,0.0,0.0,0.0
11047,10,8,frequency,0.0,0.0,0.0,0.0,0.0
11047,10,8,similarity,0.0,0.0,0.0,0.0,0.0
11047,10,8,sampling,0.0,0.0,0.0,0.0,0.0
11047,10,9,multidimensional_interestingness,0.0,0.0,0.0,0.0,0.0
11047,10,9,random,0.0,0.0,0.0,0.0,0.0
11047,10,9,clustering,0.0,0.0,0.0,0.0,0.0
11047,10,9,frequency,0.0,0.0,0.0,0.0,0.0
11047,10,9,similarity,0.0,0.0,0.0,0.0,0.0
11047,10,9,sampling,0.0,0.0,0.0,0.0,0.0
11047,10,10,multidimensional_interestingness,0.0,0.0,0.0,0.0,0.0
11047,10,10,random,0.0,0.0,0.0,0.0,0.0
11047,10,10,clustering,0.0,0.0,0.0,0.0,0.0
11047,10,10,frequency,0.0,0.0,0.0,0.0,0.0
11047,10,10,similarity,0.0,0.0,0.0,0.0,0.0
11047,10,10,sampling,0.0,0.0,0.0,0.0,0.0
11047,10,11,multidimensional_interestingness,0.0,0.0,0.0,0.0,0.0
11047,10,11,random,0.0,0.0,0.0,0.0,0.0
11047,10,11,clustering,0.0,0.0,0.0,0.0,0.0
11047,10,11,frequency,0.0,0.0,0.0,0.0,0.0
11047,10,11,similarity,0.0,0.0,0.0,0.0,0.0
11047,10,11,sampling,0.0,0.0,0.0,0.0,0.0
11047,10,12,multidimensional_interestingness,0.0,0.0,0.0,0.0,0.0
11047,10,12,random,0.0,0.0,0.0,0.0,0.0
11047,10,12,clustering,0.0,0.0,0.0,0.0,0.0
11047,10,12,frequency,0.0,0.0,0.0,0.0,0.0
11047,10,12,similarity,0.0,0.0,0.0,0.0,0.0
11047,10,12,sampling,0.0,0.0,0.0,0.0,0.0
11047,10,13,multidimensional_interestingness,0.0,0.0,0.0,0.0,0.0
11047,10,13,random,0.0,0.0,0.0,0.0,0.0
11047,10,13,clustering,0.0,0.0,0.0,0.0,0.0
11047,10,13,frequency,0.0,0.0,0.0,0.0,0.0
11047,10,13,similarity,0.0,0.0,0.0,0.0,0.0
11047,10,13,sampling,0.0,0.0,0.0,0.0,0.0
11047,10,14,multidimensional_interestingness,0.0,0.0,0.0,0.0,0.0
11047,10,14,random,0.0,0.0,0.0,0.0,0.0
11047,10,14,clustering,0.0,0.0,0.0,0.0,0.0
11047,10,14,frequency,0.0,0.0,0.0,0.0,0.0
11047,10,14,similarity,0.0,0.0,0.0,0.0,0.0
11047,10,14,sampling,0.0,0.0,0.0,0.0,0.0
11047,10,15,multidimensional_interestingness,0.0,0.0,0.0,0.0,0.0
11047,10,15,random,0.0,0.0,0.0,0.0,0.0
11047,10,15,clustering,0.0,0.0,0.0,0.0,0.0
11047,10,15,frequency,0.0,0.0,0.0,0.0,0.0
11047,10,15,similarity,0.0,0.0,0.0,0.0,0.0
11047,10,15,sampling,0.0,0.0,0.0,0.0,0.0
11047,10,16,multidimensional_interestingness,0.0,0.0,0.0,0.0,0.0
11047,10,16,random,0.0,0.0,0.0,0.0,0.0
11047,10,16,clustering,0.0,0.0,0.0,0.0,0.0
11047,10,16,frequency,0.0,0.0,0.0,0.0,0.0
11047,10,16,similarity,0.0,0.0,0.0,0.0,0.0
11047,10,16,sampling,0.0,0.0,0.0,0.0,0.0
11047,10,17,multidimensional_interestingness,0.0,0.0,0.0,0.0,0.0
11047,10,17,random,0.0,0.0,0.0,0.0,0.0
11047,10,17,clustering,0.0,0.0,0.0,0.0,0.0
11047,10,17,frequency,0.0,0.0,0.0,0.0,0.0
11047,10,17,similarity,0.0,0.0,0.0,0.0,0.0
11047,10,17,sampling,0.0,0.0,0.0,0.0,0.0
11047,10,18,multidimensional_interestingness,0.0,0.0,0.0,0.0,0.0
11047,10,18,random,0.0,0.0,0.0,0.0,0.0
11047,10,18,clustering,0.0,0.0,0.0,0.0,0.0
11047,10,18,frequency,0.0,0.0,0.0,0.0,0.0
11047,10,18,similarity,0.0,0.0,0.0,0.0,0.0
11047,10,18,sampling,0.0,0.0,0.0,0.0,0.0
11047,10,19,multidimensional_interestingness,0.0,0.0,0.0,0.0,0.0
11047,10,19,random,0.0,0.0,0.0,0.0,0.0
11047,10,19,clustering,0.0,0.0,0.0,0.0,0.0
11047,10,19,frequency,0.0,0.0,0.0,0.0,0.0
11047,10,19,similarity,0.0,0.0,0.0,0.0,0.0
11047,10,19,sampling,0.0,0.0,0.0,0.0,0.0
11047,10,20,multidimensional_interestingness,0.0,0.0,0.0,0.0,0.0
11047,10,20,random,0.0,0.0,0.0,0.0,0.0
11047,10,20,clustering,0.0,0.0,0.0,0.0,0.0
11047,10,20,frequency,0.0,0.0,0.0,0.0,0.0
11047,10,20,similarity,0.0,0.0,0.0,0.0,0.0
11047,10,20,sampling,0.0,0.0,0.0,0.0,0.0
11047,10,21,multidimensional_interestingness,0.0,0.0,0.0,0.0,0.0
11047,10,21,random,0.0,0.0,0.0,0.0,0.0
11047,10,21,clustering,0.0,0.0,0.0,0.0,0.0
11047,10,21,frequency,0.0,0.0,0.0,0.0,0.0
11047,10,21,similarity,0.0,0.0,0.0,0.0,0.0
11047,10,21,sampling,0.0,0.0,0.0,0.0,0.0
11047,10,22,multidimensional_interestingness,0.0,0.0,0.0,0.0,0.0
11047,10,22,random,0.0,0.0,0.0,0.0,0.0
11047,10,22,clustering,0.0,0.0,0.0,0.0,0.0
11047,10,22,frequency,0.0,0.0,0.0,0.0,0.0
11047,10,22,similarity,0.0,0.0,0.0,0.0,0.0
11047,10,22,sampling,0.0,0.0,0.0,0.0,0.0
11047,10,23,multidimensional_interestingness,0.0,0.0,0.0,0.0,0.0
11047,10,23,random,0.0,0.0,0.0,0.0,0.0
11047,10,23,clustering,0.0,0.0,0.0,0.0,0.0
11047,10,23,frequency,0.0,0.0,0.0,0.0,0.0
11047,10,23,similarity,0.0,0.0,0.0,0.0,0.0
11047,10,23,sampling,0.0,0.0,0.0,0.0,0.0
11047,10,24,multidimensional_interestingness,0.0,0.0,0.0,0.0,0.0
11047,10,24,random,0.0,0.0,0.0,0.0,0.0
11047,10,24,clustering,0.0,0.0,0.0,0.0,0.0
11047,10,24,frequency,0.0,0.0,0.0,0.0,0.0
11047,10,24,similarity,0.0,0.0,0.0,0.0,0.0
11047,10,24,sampling,0.0,0.0,0.0,0.0,0.0
11047,10,25,multidimensional_interestingness,0.0,0.0,0.0,0.0,0.0
11047,10,25,random,0.0,0.0,0.0,0.0,0.0
11047,10,25,clustering,0.0,0.0,0.0,0.0,0.0
11047,10,25,frequency,0.0,0.0,0.0,0.0,0.0
11047,10,25,similarity,0.0,0.0,0.0,0.0,0.0
11047,10,25,sampling,0.0,0.0,0.0,0.0,0.0
11047,10,26,multidimensional_interestingness,0.0,0.0,0.0,0.0,0.0
11047,10,26,random,0.0,0.0,0.0,0.0,0.0
11047,10,26,clustering,0.0,0.0,0.0,0.0,0.0
11047,10,26,frequency,0.0,0.0,0.0,0.0,0.0
11047,10,26,similarity,0.0,0.0,0.0,0.0,0.0
11047,10,26,sampling,0.0,0.0,0.0,0.0,0.0
11047,10,27,multidimensional_interestingness,0.0,0.0,0.0,0.0,0.0
11047,10,27,random,0.0,0.0,0.0,0.0,0.0
11047,10,27,clustering,0.0,0.0,0.0,0.0,0.0
11047,10,27,frequency,0.0,0.0,0.0,0.0,0.0
11047,10,27,similarity,0.0,0.0,0.0,0.0,0.0
11047,10,27,sampling,0.0,0.0,0.0,0.0,0.0
11047,10,28,multidimensional_interestingness,0.0,0.0,0.0,0.0,0.0
11047,10,28,random,0.0,0.0,0.0,0.0,0.0
11047,10,28,clustering,0.0,0.0,0.0,0.0,0.0
11047,10,28,frequency,0.0,0.0,0.0,0.0,0.0
11047,10,28,similarity,0.0,0.0,0.0,0.0,0.0
11047,10,28,sampling,0.0,0.0,0.0,0.0,0.0
11047,10,29,multidimensional_interestingness,0.0,0.0,0.0,0.0,0.0
11047,10,29,random,0.0,0.0,0.0,0.0,0.0
11047,10,29,clustering,0.0,0.0,0.0,0.0,0.0
11047,10,29,frequency,0.0,0.0,0.0,0.0,0.0
11047,10,29,similarity,0.0,0.0,0.0,0.0,0.0
11047,10,29,sampling,0.0,0.0,0.0,0.0,0.0
11047,10,30,multidimensional_interestingness,0.0,0.0,0.0,0.0,0.0
11047,10,30,random,0.0,0.0,0.0,0.0,0.0
11047,10,30,clustering,0.0,0.0,0.0,0.0,0.0
11047,10,30,frequency,0.0,0.0,0.0,0.0,0.0
11047,10,30,similarity,0.0,0.0,0.0,0.0,0.0
11047,10,30,sampling,0.0,0.0,0.0,0.0,0.0
11047,10,31,multidimensional_interestingness,0.0,0.0,0.0,0.0,0.0
11047,10,31,random,0.0,0.0,0.0,0.0,0.0
11047,10,31,clustering,0.0,0.0,0.0,0.0,0.0
11047,10,31,frequency,0.0,0.0,0.0,0.0,0.0
11047,10,31,similarity,0.0,0.0,0.0,0.0,0.0
11047,10,31,sampling,0.0,0.0,0.0,0.0,0.0
11047,10,32,multidimensional_interestingness,0.0,0.0,0.0,0.0,0.0
11047,10,32,random,0.0,0.0,0.0,0.0,0.0
11047,10,32,clustering,0.0,0.0,0.0,0.0,0.0
11047,10,32,frequency,0.0,0.0,0.0,0.0,0.0
11047,10,32,similarity,0.0,0.0,0.0,0.0,0.0
11047,10,32,sampling,0.0,0.0,0.0,0.0,0.0
11047,10,33,multidimensional_interestingness,0.0,0.0,0.0,0.0,0.0
11047,10,33,random,0.0,0.0,0.0,0.0,0.0
11047,10,33,clustering,0.0,0.0,0.0,0.0,0.0
11047,10,33,frequency,0.0,0.0,0.0,0.0,0.0
11047,10,33,similarity,0.0,0.0,0.0,0.0,0.0
11047,10,33,sampling,0.0,0.0,0.0,0.0,0.0
11047,10,34,multidimensional_interestingness,0.0,0.0,0.0,0.0,0.0
11047,10,34,random,0.0,0.0,0.0,0.0,0.0
11047,10,34,clustering,0.0,0.0,0.0,0.0,0.0
11047,10,34,frequency,0.0,0.0,0.0,0.0,0.0
11047,10,34,similarity,0.0,0.0,0.0,0.0,0.0
11047,10,34,sampling,0.0,0.0,0.0,0.0,0.0
11047,10,35,multidimensional_interestingness,0.0,0.0,0.0,0.0,0.0
11047,10,35,random,0.0,0.0,0.0,0.0,0.0
11047,10,35,clustering,0.0,0.0,0.0,0.0,0.0
11047,10,35,frequency,0.0,0.0,0.0,0.0,0.0
11047,10,35,similarity,0.0,0.0,0.0,0.0,0.0
11047,10,35,sampling,0.0,0.0,0.0,0.0,0.0
11047,10,36,multidimensional_interestingness,0.0,0.0,0.0,0.0,0.0
11047,10,36,random,0.0,0.0,0.0,0.0,0.0
11047,10,36,clustering,0.0,0.0,0.0,0.0,0.0
11047,10,36,frequency,0.0,0.0,0.0,0.0,0.0
11047,10,36,similarity,0.0,0.0,0.0,0.0,0.0
11047,10,36,sampling,0.0,0.0,0.0,0.0,0.0
11047,10,37,multidimensional_interestingness,0.0,0.0,0.0,0.0,0.0
11047,10,37,random,0.0,0.0,0.0,0.0,0.0
11047,10,37,clustering,0.0,0.0,0.0,0.0,0.0
11047,10,37,frequency,0.0,0.0,0.0,0.0,0.0
11047,10,37,similarity,0.0,0.0,0.0,0.0,0.0
11047,10,37,sampling,0.0,0.0,0.0,0.0,0.0
11047,10,38,multidimensional_interestingness,0.0,0.0,0.0,0.0,0.0
11047,10,38,random,0.0,0.0,0.0,0.0,0.0
11047,10,38,clustering,0.0,0.0,0.0,0.0,0.0
11047,10,38,frequency,0.0,0.0,0.0,0.0,0.0
11047,10,38,similarity,0.0,0.0,0.0,0.0,0.0
11047,10,38,sampling,0.0,0.0,0.0,0.0,0.0
11047,1,0,multidimensional_interestingness,0.0,0.0,0.0,0.0,0.0
11047,1,0,random,1.0,1.0,1.0,1.0,1.0
11047,1,0,clustering,1.0,1.0,1.0,1.0,1.0
11047,1,0,frequency,1.0,1.0,1.0,1.0,1.0
11047,1,0,similarity,0.0,0.0,0.0,0.0,0.0
11047,1,0,sampling,1.0,1.0,1.0,1.0,1.0
11047,1,1,multidimensional_interestingness,0.0,0.0,0.0,0.0,0.0
11047,1,1,random,1.0,1.0,1.0,1.0,1.0
11047,1,1,clustering,1.0,1.0,1.0,1.0,1.0
11047,1,1,frequency,1.0,1.0,1.0,1.0,1.0
11047,1,1,similarity,0.0,0.0,0.0,0.0,0.0
11047,1,1,sampling,1.0,1.0,1.0,1.0,1.0
11047,1,2,multidimensional_interestingness,0.0,0.0,0.0,0.0,0.0
11047,1,2,random,1.0,1.0,1.0,1.0,1.0
11047,1,2,clustering,1.0,1.0,1.0,1.0,1.0
11047,1,2,frequency,1.0,1.0,1.0,1.0,1.0
11047,1,2,similarity,0.0,0.0,0.0,0.0,0.0
11047,1,2,sampling,1.0,1.0,1.0,1.0,1.0
11047,1,3,multidimensional_interestingness,0.0,0.0,0.0,0.0,0.0
11047,1,3,random,1.0,1.0,1.0,1.0,1.0
11047,1,3,clustering,1.0,1.0,1.0,1.0,1.0
11047,1,3,frequency,1.0,1.0,1.0,1.0,1.0
11047,1,3,similarity,0.0,0.0,0.0,0.0,0.0
11047,1,3,sampling,1.0,1.0,1.0,1.0,1.0
11047,1,4,multidimensional_interestingness,0.0,0.0,0.0,0.0,0.0
11047,1,4,random,1.0,1.0,1.0,1.0,1.0
11047,1,4,clustering,1.0,1.0,1.0,1.0,1.0
11047,1,4,frequency,1.0,1.0,1.0,1.0,1.0
11047,1,4,similarity,0.0,0.0,0.0,0.0,0.0
11047,1,4,sampling,1.0,1.0,1.0,1.0,1.0
11047,1,5,multidimensional_interestingness,0.0,0.0,0.0,0.0,0.0
11047,1,5,random,0.0,0.0,0.0,0.0,0.0
11047,1,5,clustering,0.0,0.0,0.0,0.0,0.0
11047,1,5,frequency,0.0,0.0,0.0,0.0,0.0
11047,1,5,similarity,0.0,0.0,0.0,0.0,0.0
11047,1,5,sampling,0.0,0.0,0.0,0.0,0.0
11047,1,6,multidimensional_interestingness,0.0,0.0,0.0,0.0,0.0
11047,1,6,random,1.0,1.0,1.0,1.0,1.0
11047,1,6,clustering,1.0,1.0,1.0,1.0,1.0
11047,1,6,frequency,1.0,1.0,1.0,1.0,1.0
11047,1,6,similarity,0.0,0.0,0.0,0.0,0.0
11047,1,6,sampling,1.0,1.0,1.0,1.0,1.0
11047,1,7,multidimensional_interestingness,0.0,0.0,0.0,0.0,0.0
11047,1,7,random,0.0,0.0,0.0,0.0,0.0
11047,1,7,clustering,0.0,0.0,0.0,0.0,0.0
11047,1,7,frequency,0.0,0.0,0.0,0.0,0.0
11047,1,7,similarity,0.0,0.0,0.0,0.0,0.0
11047,1,7,sampling,0.0,0.0,0.0,0.0,0.0
11047,1,8,multidimensional_interestingness,0.0,0.0,0.0,0.0,0.0
11047,1,8,random,0.0,0.0,0.0,0.0,0.0
11047,1,8,clustering,0.0,0.0,0.0,0.0,0.0
11047,1,8,frequency,0.0,0.0,0.0,0.0,0.0
11047,1,8,similarity,0.0,0.0,0.0,0.0,0.0
11047,1,8,sampling,0.0,0.0,0.0,0.0,0.0
11047,1,9,multidimensional_interestingness,0.0,0.0,0.0,0.0,0.0
11047,1,9,random,0.0,0.0,0.0,0.0,0.0
11047,1,9,clustering,0.0,0.0,0.0,0.0,0.0
11047,1,9,frequency,0.0,0.0,0.0,0.0,0.0
11047,1,9,similarity,0.0,0.0,0.0,0.0,0.0
11047,1,9,sampling,0.0,0.0,0.0,0.0,0.0
11047,1,10,multidimensional_interestingness,0.0,0.0,0.0,0.0,0.0
11047,1,10,random,0.0,0.0,0.0,0.0,0.0
11047,1,10,clustering,0.0,0.0,0.0,0.0,0.0
11047,1,10,frequency,0.0,0.0,0.0,0.0,0.0
11047,1,10,similarity,0.0,0.0,0.0,0.0,0.0
11047,1,10,sampling,0.0,0.0,0.0,0.0,0.0
11047,1,11,multidimensional_interestingness,0.0,0.0,0.0,0.0,0.0
11047,1,11,random,0.0,0.0,0.0,0.0,0.0
11047,1,11,clustering,0.0,0.0,0.0,0.0,0.0
11047,1,11,frequency,0.0,0.0,0.0,0.0,0.0
11047,1,11,similarity,0.0,0.0,0.0,0.0,0.0
11047,1,11,sampling,0.0,0.0,0.0,0.0,0.0
11047,1,12,multidimensional_interestingness,0.0,0.0,0.0,0.0,0.0
11047,1,12,random,0.0,0.0,0.0,0.0,0.0
11047,1,12,clustering,0.0,0.0,0.0,0.0,0.0
11047,1,12,frequency,0.0,0.0,0.0,0.0,0.0
11047,1,12,similarity,0.0,0.0,0.0,0.0,0.0
11047,1,12,sampling,0.0,0.0,0.0,0.0,0.0
11047,1,13,multidimensional_interestingness,0.0,0.0,0.0,0.0,0.0
11047,1,13,random,0.0,0.0,0.0,0.0,0.0
11047,1,13,clustering,0.0,0.0,0.0,0.0,0.0
11047,1,13,frequency,0.0,0.0,0.0,0.0,0.0
11047,1,13,similarity,0.0,0.0,0.0,0.0,0.0
11047,1,13,sampling,0.0,0.0,0.0,0.0,0.0
11047,1,14,multidimensional_interestingness,0.0,0.0,0.0,0.0,0.0
11047,1,14,random,0.0,0.0,0.0,0.0,0.0
11047,1,14,clustering,0.0,0.0,0.0,0.0,0.0
11047,1,14,frequency,0.0,0.0,0.0,0.0,0.0
11047,1,14,similarity,0.0,0.0,0.0,0.0,0.0
11047,1,14,sampling,0.0,0.0,0.0,0.0,0.0
11047,1,15,multidimensional_interestingness,0.0,0.0,0.0,0.0,0.0
11047,1,15,random,0.0,0.0,0.0,0.0,0.0
11047,1,15,clustering,0.0,0.0,0.0,0.0,0.0
11047,1,15,frequency,0.0,0.0,0.0,0.0,0.0
11047,1,15,similarity,0.0,0.0,0.0,0.0,0.0
11047,1,15,sampling,0.0,0.0,0.0,0.0,0.0
11047,1,16,multidimensional_interestingness,0.0,0.0,0.0,0.0,0.0
11047,1,16,random,0.0,0.0,0.0,0.0,0.0
11047,1,16,clustering,0.0,0.0,0.0,0.0,0.0
11047,1,16,frequency,0.0,0.0,0.0,0.0,0.0
11047,1,16,similarity,0.0,0.0,0.0,0.0,0.0
11047,1,16,sampling,0.0,0.0,0.0,0.0,0.0
11047,1,17,multidimensional_interestingness,0.0,0.0,0.0,0.0,0.0
11047,1,17,random,0.0,0.0,0.0,0.0,0.0
11047,1,17,clustering,0.0,0.0,0.0,0.0,0.0
11047,1,17,frequency,0.0,0.0,0.0,0.0,0.0
11047,1,17,similarity,0.0,0.0,0.0,0.0,0.0
11047,1,17,sampling,0.0,0.0,0.0,0.0,0.0
11047,1,18,multidimensional_interestingness,0.0,0.0,0.0,0.0,0.0
11047,1,18,random,1.0,1.0,1.0,1.0,1.0
11047,1,18,clustering,1.0,1.0,1.0,1.0,1.0
11047,1,18,frequency,1.0,1.0,1.0,1.0,1.0
11047,1,18,similarity,0.0,0.0,0.0,0.0,0.0
11047,1,18,sampling,1.0,1.0,1.0,1.0,1.0
11047,1,19,multidimensional_interestingness,0.0,0.0,0.0,0.0,0.0
11047,1,19,random,0.0,0.0,0.0,0.0,0.0
11047,1,19,clustering,0.0,0.0,0.0,0.0,0.0
11047,1,19,frequency,0.0,0.0,0.0,0.0,0.0
11047,1,19,similarity,0.0,0.0,0.0,0.0,0.0
11047,1,19,sampling,0.0,0.0,0.0,0.0,0.0
11047,1,20,multidimensional_interestingness,0.0,0.0,0.0,0.0,0.0
11047,1,20,random,0.0,0.0,0.0,0.0,0.0
11047,1,20,clustering,0.0,0.0,0.0,0.0,0.0
11047,1,20,frequency,0.0,0.0,0.0,0.0,0.0
11047,1,20,similarity,0.0,0.0,0.0,0.0,0.0
11047,1,20,sampling,0.0,0.0,0.0,0.0,0.0
11047,1,21,multidimensional_interestingness,0.0,0.0,0.0,0.0,0.0
11047,1,21,random,0.0,0.0,0.0,0.0,0.0
11047,1,21,clustering,0.0,0.0,0.0,0.0,0.0
11047,1,21,frequency,0.0,0.0,0.0,0.0,0.0
11047,1,21,similarity,0.0,0.0,0.0,0.0,0.0
11047,1,21,sampling,0.0,0.0,0.0,0.0,0.0
11047,1,22,multidimensional_interestingness,0.0,0.0,0.0,0.0,0.0
11047,1,22,random,0.0,0.0,0.0,0.0,0.0
11047,1,22,clustering,0.0,0.0,0.0,0.0,0.0
11047,1,22,frequency,0.0,0.0,0.0,0.0,0.0
11047,1,22,similarity,0.0,0.0,0.0,0.0,0.0
11047,1,22,sampling,0.0,0.0,0.0,0.0,0.0
11047,1,23,multidimensional_interestingness,0.0,0.0,0.0,0.0,0.0
11047,1,23,random,0.0,0.0,0.0,0.0,0.0
11047,1,23,clustering,0.0,0.0,0.0,0.0,0.0
11047,1,23,frequency,0.0,0.0,0.0,0.0,0.0
11047,1,23,similarity,0.0,0.0,0.0,0.0,0.0
11047,1,23,sampling,0.0,0.0,0.0,0.0,0.0
11047,1,24,multidimensional_interestingness,0.0,0.0,0.0,0.0,0.0
11047,1,24,random,0.0,0.0,0.0,0.0,0.0
11047,1,24,clustering,0.0,0.0,0.0,0.0,0.0
11047,1,24,frequency,0.0,0.0,0.0,0.0,0.0
11047,1,24,similarity,0.0,0.0,0.0,0.0,0.0
11047,1,24,sampling,0.0,0.0,0.0,0.0,0.0
11047,1,25,multidimensional_interestingness,0.0,0.0,0.0,0.0,0.0
11047,1,25,random,0.0,0.0,0.0,0.0,0.0
11047,1,25,clustering,0.0,0.0,0.0,0.0,0.0
11047,1,25,frequency,0.0,0.0,0.0,0.0,0.0
11047,1,25,similarity,0.0,0.0,0.0,0.0,0.0
11047,1,25,sampling,0.0,0.0,0.0,0.0,0.0
11047,1,26,multidimensional_interestingness,0.0,0.0,0.0,0.0,0.0
11047,1,26,random,0.0,0.0,0.0,0.0,0.0
11047,1,26,clustering,0.0,0.0,0.0,0.0,0.0
11047,1,26,frequency,0.0,0.0,0.0,0.0,0.0
11047,1,26,similarity,0.0,0.0,0.0,0.0,0.0
11047,1,26,sampling,0.0,0.0,0.0,0.0,0.0
11047,1,27,multidimensional_interestingness,0.0,0.0,0.0,0.0,0.0
11047,1,27,random,0.0,0.0,0.0,0.0,0.0
11047,1,27,clustering,0.0,0.0,0.0,0.0,0.0
11047,1,27,frequency,0.0,0.0,0.0,0.0,0.0
11047,1,27,similarity,0.0,0.0,0.0,0.0,0.0
11047,1,27,sampling,0.0,0.0,0.0,0.0,0.0
11047,1,28,multidimensional_interestingness,0.0,0.0,0.0,0.0,0.0
11047,1,28,random,0.0,0.0,0.0,0.0,0.0
11047,1,28,clustering,0.0,0.0,0.0,0.0,0.0
11047,1,28,frequency,0.0,0.0,0.0,0.0,0.0
11047,1,28,similarity,0.0,0.0,0.0,0.0,0.0
11047,1,28,sampling,0.0,0.0,0.0,0.0,0.0
11047,1,29,multidimensional_interestingness,0.0,0.0,0.0,0.0,0.0
11047,1,29,random,0.0,0.0,0.0,0.0,0.0
11047,1,29,clustering,0.0,0.0,0.0,0.0,0.0
11047,1,29,frequency,0.0,0.0,0.0,0.0,0.0
11047,1,29,similarity,0.0,0.0,0.0,0.0,0.0
11047,1,29,sampling,0.0,0.0,0.0,0.0,0.0
11047,1,30,multidimensional_interestingness,0.0,0.0,0.0,0.0,0.0
11047,1,30,random,0.0,0.0,0.0,0.0,0.0
11047,1,30,clustering,0.0,0.0,0.0,0.0,0.0
11047,1,30,frequency,0.0,0.0,0.0,0.0,0.0
11047,1,30,similarity,0.0,0.0,0.0,0.0,0.0
11047,1,30,sampling,0.0,0.0,0.0,0.0,0.0
11047,1,31,multidimensional_interestingness,0.0,0.0,0.0,0.0,0.0
11047,1,31,random,0.0,0.0,0.0,0.0,0.0
11047,1,31,clustering,0.0,0.0,0.0,0.0,0.0
11047,1,31,frequency,0.0,0.0,0.0,0.0,0.0
11047,1,31,similarity,0.0,0.0,0.0,0.0,0.0
11047,1,31,sampling,0.0,0.0,0.0,0.0,0.0
11047,1,32,multidimensional_interestingness,0.0,0.0,0.0,0.0,0.0
11047,1,32,random,0.0,0.0,0.0,0.0,0.0
11047,1,32,clustering,0.0,0.0,0.0,0.0,0.0
11047,1,32,frequency,0.0,0.0,0.0,0.0,0.0
11047,1,32,similarity,0.0,0.0,0.0,0.0,0.0
11047,1,32,sampling,0.0,0.0,0.0,0.0,0.0
11047,1,33,multidimensional_interestingness,0.0,0.0,0.0,0.0,0.0
11047,1,33,random,0.0,0.0,0.0,0.0,0.0
11047,1,33,clustering,0.0,0.0,0.0,0.0,0.0
11047,1,33,frequency,0.0,0.0,0.0,0.0,0.0
11047,1,33,similarity,0.0,0.0,0.0,0.0,0.0
11047,1,33,sampling,0.0,0.0,0.0,0.0,0.0
11047,1,34,multidimensional_interestingness,0.0,0.0,0.0,0.0,0.0
11047,1,34,random,0.0,0.0,0.0,0.0,0.0
11047,1,34,clustering,0.0,0.0,0.0,0.0,0.0
11047,1,34,frequency,0.0,0.0,0.0,0.0,0.0
11047,1,34,similarity,0.0,0.0,0.0,0.0,0.0
11047,1,34,sampling,0.0,0.0,0.0,0.0,0.0
11047,1,35,multidimensional_interestingness,0.0,0.0,0.0,0.0,0.0
11047,1,35,random,0.0,0.0,0.0,0.0,0.0
11047,1,35,clustering,0.0,0.0,0.0,0.0,0.0
11047,1,35,frequency,0.0,0.0,0.0,0.0,0.0
11047,1,35,similarity,0.0,0.0,0.0,0.0,0.0
11047,1,35,sampling,0.0,0.0,0.0,0.0,0.0
11047,1,36,multidimensional_interestingness,0.0,0.0,0.0,0.0,0.0
11047,1,36,random,0.0,0.0,0.0,0.0,0.0
11047,1,36,clustering,0.0,0.0,0.0,0.0,0.0
11047,1,36,frequency,0.0,0.0,0.0,0.0,0.0
11047,1,36,similarity,0.0,0.0,0.0,0.0,0.0
11047,1,36,sampling,0.0,0.0,0.0,0.0,0.0
11047,1,37,multidimensional_interestingness,0.0,0.0,0.0,0.0,0.0
11047,1,37,random,0.0,0.0,0.0,0.0,0.0
11047,1,37,clustering,0.0,0.0,0.0,0.0,0.0
11047,1,37,frequency,0.0,0.0,0.0,0.0,0.0
11047,1,37,similarity,0.0,0.0,0.0,0.0,0.0
11047,1,37,sampling,0.0,0.0,0.0,0.0,0.0
11047,1,38,multidimensional_interestingness,0.0,0.0,0.0,0.0,0.0
11047,1,38,random,0.0,0.0,0.0,0.0,0.0
11047,1,38,clustering,0.0,0.0,0.0,0.0,0.0
11047,1,38,frequency,0.0,0.0,0.0,0.0,0.0
11047,1,38,similarity,0.0,0.0,0.0,0.0,0.0
11047,1,38,sampling,0.0,0.0,0.0,0.0,0.0
11047,1,39,multidimensional_interestingness,0.0,0.0,0.0,0.0,0.0
11047,1,39,random,0.0,0.0,0.0,0.0,0.0
11047,1,39,clustering,0.0,0.0,0.0,0.0,0.0
11047,1,39,frequency,0.0,0.0,0.0,0.0,0.0
11047,1,39,similarity,0.0,0.0,0.0,0.0,0.0
11047,1,39,sampling,0.0,0.0,0.0,0.0,0.0
11047,1,40,multidimensional_interestingness,0.0,0.0,0.0,0.0,0.0
11047,1,40,random,0.0,0.0,0.0,0.0,0.0
11047,1,40,clustering,0.0,0.0,0.0,0.0,0.0
11047,1,40,frequency,0.0,0.0,0.0,0.0,0.0
11047,1,40,similarity,0.0,0.0,0.0,0.0,0.0
11047,1,40,sampling,0.0,0.0,0.0,0.0,0.0
11047,1,41,multidimensional_interestingness,0.0,0.0,0.0,0.0,0.0
11047,1,41,random,0.0,0.0,0.0,0.0,0.0
11047,1,41,clustering,0.0,0.0,0.0,0.0,0.0
11047,1,41,frequency,0.0,0.0,0.0,0.0,0.0
11047,1,41,similarity,0.0,0.0,0.0,0.0,0.0
11047,1,41,sampling,0.0,0.0,0.0,0.0,0.0
11047,1,42,multidimensional_interestingness,0.0,0.0,0.0,0.0,0.0
11047,1,42,random,0.0,0.0,0.0,0.0,0.0
11047,1,42,clustering,0.0,0.0,0.0,0.0,0.0
11047,1,42,frequency,0.0,0.0,0.0,0.0,0.0
11047,1,42,similarity,0.0,0.0,0.0,0.0,0.0
11047,1,42,sampling,0.0,0.0,0.0,0.0,0.0
11047,1,43,multidimensional_interestingness,0.0,0.0,0.0,0.0,0.0
11047,1,43,random,0.0,0.0,0.0,0.0,0.0
11047,1,43,clustering,0.0,0.0,0.0,0.0,0.0
11047,1,43,frequency,0.0,0.0,0.0,0.0,0.0
11047,1,43,similarity,0.0,0.0,0.0,0.0,0.0
11047,1,43,sampling,0.0,0.0,0.0,0.0,0.0
11047,1,44,multidimensional_interestingness,0.0,0.0,0.0,0.0,0.0
11047,1,44,random,0.0,0.0,0.0,0.0,0.0
11047,1,44,clustering,0.0,0.0,0.0,0.0,0.0
11047,1,44,frequency,0.0,0.0,0.0,0.0,0.0
11047,1,44,similarity,0.0,0.0,0.0,0.0,0.0
11047,1,44,sampling,0.0,0.0,0.0,0.0,0.0
11047,1,45,multidimensional_interestingness,0.0,0.0,0.0,0.0,0.0
11047,1,45,random,0.0,0.0,0.0,0.0,0.0
11047,1,45,clustering,0.0,0.0,0.0,0.0,0.0
11047,1,45,frequency,0.0,0.0,0.0,0.0,0.0
11047,1,45,similarity,0.0,0.0,0.0,0.0,0.0
11047,1,45,sampling,0.0,0.0,0.0,0.0,0.0
11047,1,46,multidimensional_interestingness,0.0,0.0,0.0,0.0,0.0
11047,1,46,random,0.0,0.0,0.0,0.0,0.0
11047,1,46,clustering,0.0,0.0,0.0,0.0,0.0
11047,1,46,frequency,0.0,0.0,0.0,0.0,0.0
11047,1,46,similarity,0.0,0.0,0.0,0.0,0.0
11047,1,46,sampling,0.0,0.0,0.0,0.0,0.0
11047,1,47,multidimensional_interestingness,0.0,0.0,0.0,0.0,0.0
11047,1,47,random,0.0,0.0,0.0,0.0,0.0
11047,1,47,clustering,0.0,0.0,0.0,0.0,0.0
11047,1,47,frequency,0.0,0.0,0.0,0.0,0.0
11047,1,47,similarity,0.0,0.0,0.0,0.0,0.0
11047,1,47,sampling,0.0,0.0,0.0,0.0,0.0
